"player","number","team","position","height","weight","birth_date","country","experience","college","salary","rank","age","games","games_started","minutes","field_goals","field_goals_atts","field_goals_perc","points3","points3_atts","points3_perc","points2","points2_atts","points2_perc","effective_field_goal_perc","points1","points1_atts","points1_perc","off_rebounds","def_rebounds","total_rebounds","assists","steals","blocks","turnovers","fouls","points"
"Al Horford","42","BOS","C","6-10",245,"June 3, 1986","do","9","University of Florida",26540100,4,30,68,68,2193,379,801,0.473,86,242,0.355,293,559,0.524,0.527,108,135,0.8,95,370,465,337,52,86,115,138,952
"Amir Johnson","90","BOS","PF","6-9",240,"May 1, 1987","us","11","",1.2e+07,6,29,80,77,1608,213,370,0.576,27,66,0.409,186,304,0.612,0.612,67,100,0.67,118,248,366,140,51,62,77,211,520
"Avery Bradley","0","BOS","SG","6-2",180,"November 26, 1990","us","6","University of Texas at Austin",8269663,5,26,55,55,1835,359,775,0.463,108,277,0.39,251,498,0.504,0.533,68,93,0.731,65,269,334,122,68,11,88,141,894
"Demetrius Jackson","9","BOS","PG","6-1",201,"September 7, 1994","us","R","University of Notre Dame",1450000,15,22,5,0,17,3,4,0.75,1,1,1,2,3,0.667,0.875,3,6,0.5,2,2,4,3,0,0,0,0,10
"Gerald Green","30","BOS","SF","6-7",205,"January 26, 1986","us","9","",1410598,11,31,47,0,538,95,232,0.409,39,111,0.351,56,121,0.463,0.494,33,41,0.805,16,68,84,33,9,7,25,48,262
"Isaiah Thomas","4","BOS","PG","5-9",185,"February 7, 1989","us","5","University of Washington",6587132,1,27,76,76,2569,682,1473,0.463,245,646,0.379,437,827,0.528,0.546,590,649,0.909,43,162,205,448,70,13,210,167,2199
"Jae Crowder","99","BOS","SF","6-6",235,"July 6, 1990","us","4","Marquette University",6286408,3,26,72,72,2335,333,720,0.463,157,394,0.398,176,326,0.54,0.572,176,217,0.811,48,367,415,155,73,23,80,161,999
"James Young","13","BOS","SG","6-6",215,"August 16, 1995","us","2","University of Kentucky",1825200,13,21,29,0,220,25,58,0.431,12,35,0.343,13,23,0.565,0.534,6,9,0.667,6,20,26,4,10,2,4,15,68
"Jaylen Brown","7","BOS","SF","6-7",225,"October 24, 1996","us","R","University of California",4743000,8,20,78,20,1341,192,423,0.454,46,135,0.341,146,288,0.507,0.508,85,124,0.685,45,175,220,64,35,18,68,142,515
"Jonas Jerebko","8","BOS","PF","6-10",231,"March 2, 1987","se","6","",5e+06,10,29,78,6,1232,114,262,0.435,45,130,0.346,69,132,0.523,0.521,26,37,0.703,59,213,272,71,25,17,39,122,299
"Jordan Mickey","55","BOS","PF","6-8",235,"July 9, 1994","us","1","Louisiana State University",1223653,14,22,25,1,141,15,34,0.441,0,1,0,15,33,0.455,0.441,8,14,0.571,13,21,34,7,3,6,9,12,38
"Kelly Olynyk","41","BOS","C","7-0",238,"April 19, 1991","ca","3","Gonzaga University",3094014,7,25,75,6,1538,260,508,0.512,68,192,0.354,192,316,0.608,0.579,90,123,0.732,73,288,361,148,43,29,96,207,678
"Marcus Smart","36","BOS","SG","6-4",220,"March 6, 1994","us","2","Oklahoma State University",3578880,2,22,79,24,2399,269,749,0.359,94,332,0.283,175,417,0.42,0.422,203,250,0.812,78,227,305,364,125,34,159,192,835
"Terry Rozier","12","BOS","PG","6-2",190,"March 17, 1994","us","1","University of Louisville",1906440,9,22,74,0,1263,151,411,0.367,57,179,0.318,94,232,0.405,0.437,51,66,0.773,40,187,227,131,46,11,47,69,410
"Tyler Zeller","44","BOS","C","7-0",253,"January 17, 1990","us","4","University of North Carolina",8e+06,12,27,51,5,525,78,158,0.494,0,1,0,78,157,0.497,0.494,22,39,0.564,43,81,124,42,7,21,20,61,178
"Andrew Bogut","6","CLE","C","7-0",260,"November 28, 1984","au","11","University of Utah",242224,21,32,1,0,1,0,0,NA,0,0,NA,0,0,NA,NA,0,0,NA,0,0,0,0,0,0,0,2,0
"Channing Frye","8","CLE","C","6-11",255,"May 17, 1983","us","10","University of Arizona",7806971,7,33,74,15,1398,238,520,0.458,137,335,0.409,101,185,0.546,0.589,63,74,0.851,37,253,290,45,33,37,53,138,676
"Dahntay Jones","30","CLE","SF","6-6",225,"December 27, 1980","us","12","Rutgers University, Duke University",24022,20,36,1,0,12,3,8,0.375,0,2,0,3,6,0.5,0.375,3,4,0.75,1,1,2,1,0,0,1,1,9
"Deron Williams","31","CLE","PG","6-3",200,"June 26, 1984","us","11","University of Illinois at Urbana-Champaign",259626,11,32,24,4,486,68,147,0.463,22,53,0.415,46,94,0.489,0.537,21,25,0.84,1,44,45,86,6,6,40,42,179
"Derrick Williams","3-32","CLE","PF","6-8",240,"May 25, 1991","us","5","University of Arizona",402043,12,25,25,0,427,54,107,0.505,21,52,0.404,33,55,0.6,0.603,27,39,0.692,3,54,57,14,5,2,14,27,156
"Edy Tavares","40","CLE","C","7-3",260,"March 22, 1992","cv","1","",5145,18,24,1,0,24,3,4,0.75,0,0,NA,3,4,0.75,0.75,0,1,0,4,6,10,1,0,6,2,3,6
"Iman Shumpert","4","CLE","SG","6-5",220,"June 26, 1990","us","5","Georgia Institute of Technology",9700000,4,26,76,31,1937,201,489,0.411,94,261,0.36,107,228,0.469,0.507,71,90,0.789,39,179,218,109,62,27,78,150,567
"J.R. Smith","5","CLE","SG","6-6",225,"September 9, 1985","us","12","",12800000,8,31,41,35,1187,123,356,0.346,95,271,0.351,28,85,0.329,0.479,10,15,0.667,17,96,113,62,40,11,26,77,351
"James Jones","1","CLE","SF","6-8",218,"October 4, 1980","us","13","University of Miami",1551659,15,36,48,2,381,44,92,0.478,31,66,0.47,13,26,0.5,0.647,13,20,0.65,3,34,37,14,6,10,10,37,132
"Jordan McRae","12","CLE","SG","6-6",185,"March 28, 1991","us","1","University of Tennessee",874636,14,25,37,4,384,58,150,0.387,18,51,0.353,40,99,0.404,0.447,27,34,0.794,6,35,41,19,8,6,14,31,161
"Kay Felder","20","CLE","PG","5-9",176,"March 29, 1995","us","R","Oakland University",543471,13,21,42,0,386,62,158,0.392,7,22,0.318,55,136,0.404,0.415,35,49,0.714,3,38,41,58,18,7,30,38,166
"Kevin Love","0","CLE","PF","6-10",251,"September 7, 1988","us","8","University of California, Los Angeles",21165675,5,28,60,60,1885,370,867,0.427,145,389,0.373,225,478,0.471,0.51,257,295,0.871,148,518,666,116,53,21,122,125,1142
"Kyle Korver","26","CLE","SG","6-7",212,"March 17, 1981","us","13","Creighton University",5239437,9,35,35,1,859,131,269,0.487,97,200,0.485,34,69,0.493,0.667,14,15,0.933,7,90,97,35,11,8,29,60,373
"Kyrie Irving","2","CLE","PG","6-3",193,"March 23, 1992","au","5","Duke University",17638063,2,24,72,72,2525,671,1420,0.473,177,441,0.401,494,979,0.505,0.535,297,328,0.905,52,178,230,418,83,24,180,157,1816
"Larry Sanders","9","CLE","C","6-11",235,"November 21, 1988","us","5","Virginia Commonwealth University",207722,19,28,5,0,13,1,4,0.25,0,0,NA,1,4,0.25,0.25,2,2,1,3,1,4,0,1,1,2,5,4
"LeBron James","23","CLE","SF","6-8",250,"December 30, 1984","us","13","",30963450,1,32,74,74,2794,736,1344,0.548,124,342,0.363,612,1002,0.611,0.594,358,531,0.674,97,542,639,646,92,44,303,134,1954
"Richard Jefferson","24","CLE","SF","6-7",233,"June 21, 1980","us","15","University of Arizona",2500000,6,36,79,13,1614,153,343,0.446,62,186,0.333,91,157,0.58,0.536,80,108,0.741,28,175,203,78,26,10,52,153,448
"Tristan Thompson","13","CLE","C","6-9",238,"March 13, 1991","ca","5","University of Texas at Austin",15330435,3,25,78,78,2336,262,437,0.6,0,3,0,262,434,0.604,0.6,106,213,0.498,286,429,715,77,39,84,64,176,630
"Bruno Caboclo","20","TOR","SF","6-9",218,"September 21, 1995","br","2","",1589640,17,21,9,0,40,6,16,0.375,2,6,0.333,4,10,0.4,0.438,0,0,NA,5,5,10,4,2,1,2,4,14
"Cory Joseph","6","TOR","PG","6-3",193,"August 20, 1991","ca","5","University of Texas at Austin",7330000,4,25,80,22,2003,299,661,0.452,48,135,0.356,251,526,0.477,0.489,94,122,0.77,51,184,235,265,66,13,108,140,740
"Delon Wright","55","TOR","PG","6-5",183,"April 26, 1992","us","1","University of Utah",1577280,14,24,27,0,446,49,116,0.422,10,30,0.333,39,86,0.453,0.466,42,55,0.764,16,32,48,57,27,11,25,31,150
"DeMar DeRozan","10","TOR","SG","6-7",221,"August 7, 1989","us","7","University of Southern California",26540100,1,27,74,74,2620,721,1545,0.467,33,124,0.266,688,1421,0.484,0.477,545,647,0.842,70,316,386,290,78,13,180,134,2020
"DeMarre Carroll","5","TOR","SF","6-8",215,"July 27, 1986","us","7","Vanderbilt University, University of Missouri",14200000,5,30,72,72,1882,220,550,0.4,109,320,0.341,111,230,0.483,0.499,89,117,0.761,63,212,275,74,81,27,54,143,638
"Fred VanVleet","23","TOR","PG","6-0",195,"February 25, 1994","us","R","Wichita State University",543471,15,22,37,0,294,39,111,0.351,11,29,0.379,28,82,0.341,0.401,18,22,0.818,4,38,42,35,16,3,15,36,107
"Jakob Poeltl","42","TOR","C","7-0",248,"October 15, 1995","at","R","University of Utah",2703960,12,21,54,4,626,67,115,0.583,0,0,NA,67,115,0.583,0.583,31,57,0.544,78,87,165,12,17,20,29,113,165
"Jonas Valanciunas","17","TOR","C","7-0",265,"May 6, 1992","lt","4","",14382022,3,24,80,80,2066,391,702,0.557,1,2,0.5,390,700,0.557,0.558,176,217,0.811,226,533,759,57,37,63,106,216,959
"Kyle Lowry","7","TOR","PG","6-0",205,"March 25, 1986","us","10","Villanova University",1.2e+07,2,30,60,60,2244,426,918,0.464,193,468,0.412,233,450,0.518,0.569,299,365,0.819,48,238,286,417,88,19,173,170,1344
"Lucas Nogueira","92","TOR","C","7-0",241,"July 26, 1992","br","2","",1921320,9,24,57,6,1088,103,156,0.66,3,12,0.25,100,144,0.694,0.67,44,67,0.657,82,162,244,42,52,89,46,137,253
"Norman Powell","24","TOR","SG","6-4",215,"May 25, 1993","us","1","University of California, Los Angeles",874636,7,23,76,18,1368,227,506,0.449,56,173,0.324,171,333,0.514,0.504,126,159,0.792,26,143,169,82,52,14,70,127,636
"P.J. Tucker","2","TOR","SF","6-6",245,"May 5, 1985","us","5","University of Texas at Austin",5300000,13,31,24,4,609,52,128,0.406,24,60,0.4,28,68,0.412,0.5,11,16,0.688,23,106,129,26,31,5,14,53,139
"Pascal Siakam","43","TOR","PF","6-9",230,"February 4, 1994","cm","R","New Mexico State University",1196040,10,22,55,38,859,103,205,0.502,1,7,0.143,102,198,0.515,0.505,22,32,0.688,64,121,185,17,26,45,33,109,229
"Patrick Patterson","54","TOR","PF","6-9",230,"March 14, 1989","us","6","University of Kentucky",6050000,6,27,65,8,1599,154,384,0.401,94,253,0.372,60,131,0.458,0.523,43,60,0.717,62,231,293,76,40,23,38,120,445
"Serge Ibaka","9","TOR","PF","6-10",235,"September 18, 1989","cg","7","",12250000,11,27,23,23,712,128,279,0.459,41,103,0.398,87,176,0.494,0.532,30,34,0.882,29,127,156,15,7,33,39,76,327
"Bojan Bogdanovic","44","WAS","SF","6-8",216,"April 18, 1989","ba","2","",3730653,10,27,26,0,601,107,234,0.457,45,115,0.391,62,119,0.521,0.553,71,76,0.934,14,66,80,21,10,4,38,47,330
"Bradley Beal","3","WAS","SG","6-5",207,"June 28, 1993","us","4","University of Florida",22116750,2,23,77,77,2684,637,1322,0.482,223,552,0.404,414,770,0.538,0.566,282,342,0.825,53,187,240,267,83,21,156,169,1779
"Brandon Jennings","7","WAS","PG","6-1",170,"September 23, 1989","us","7","",1200000,13,27,23,2,374,29,106,0.274,11,52,0.212,18,54,0.333,0.325,12,17,0.706,8,36,44,108,15,0,22,32,81
"Chris McCullough","1","WAS","PF","6-11",200,"February 5, 1995","us","1","Syracuse University",1191480,17,21,2,0,8,0,1,0,0,1,0,0,0,NA,0,1,2,0.5,0,2,2,0,1,0,1,0,1
"Daniel Ochefu","32","WAS","C","6-11",245,"December 15, 1993","us","R","Villanova University",543471,16,23,19,0,75,12,27,0.444,0,0,NA,12,27,0.444,0.444,0,2,0,5,17,22,3,2,0,3,17,24
"Danuel House","4","WAS","SG","6-7",207,"June 7, 1993","us","R","Texas A&M University",543471,18,23,1,0,1,0,0,NA,0,0,NA,0,0,NA,NA,0,0,NA,0,1,1,0,0,0,0,0,0
"Ian Mahinmi","28","WAS","C","6-11",250,"November 5, 1986","fr","8","",15944154,12,30,31,0,555,65,111,0.586,0,0,NA,65,111,0.586,0.586,43,75,0.573,47,103,150,19,33,24,34,90,173
"Jason Smith","14","WAS","C","7-0",245,"March 2, 1986","us","8","Colorado State University",5e+06,7,30,74,3,1068,174,329,0.529,37,78,0.474,137,251,0.546,0.585,35,51,0.686,64,194,258,37,21,54,58,168,420
"John Wall","2","WAS","PG","6-4",195,"September 6, 1990","us","6","University of Kentucky",16957900,1,26,78,78,2836,647,1435,0.451,89,272,0.327,558,1163,0.48,0.482,422,527,0.801,59,267,326,831,157,49,322,151,1805
"Kelly Oubre","12","WAS","SF","6-7",205,"December 9, 1995","us","1","University of Kansas",2006640,6,21,79,5,1605,186,442,0.421,54,188,0.287,132,254,0.52,0.482,75,99,0.758,61,200,261,47,58,17,50,195,501
"Marcin Gortat","13","WAS","C","6-11",240,"February 17, 1984","pl","9","",1.2e+07,4,32,82,82,2556,390,674,0.579,0,2,0,390,672,0.58,0.579,103,159,0.648,238,611,849,121,40,61,119,213,883
"Markieff Morris","5","WAS","PF","6-10",245,"September 2, 1989","us","5","University of Kansas",7400000,5,27,76,76,2374,406,889,0.457,71,196,0.362,335,693,0.483,0.497,180,215,0.837,107,386,493,126,82,42,129,254,1063
"Otto Porter","22","WAS","SF","6-8",198,"June 3, 1993","us","3","Georgetown University",5893981,3,23,80,80,2605,414,803,0.516,148,341,0.434,266,462,0.576,0.608,99,119,0.832,118,396,514,121,116,42,44,193,1075
"Tomas Satoransky","31","WAS","SG","6-7",210,"October 30, 1991","cz","R","",2870813,8,25,57,3,719,61,147,0.415,9,37,0.243,52,110,0.473,0.446,23,33,0.697,25,58,83,92,26,6,38,60,154
"Trey Burke","33","WAS","PG","6-1",191,"November 12, 1992","us","3","University of Michigan",3386598,9,24,57,0,703,116,255,0.455,31,70,0.443,85,185,0.459,0.516,22,29,0.759,7,40,47,100,11,5,48,54,285
"DeAndre' Bembry","95","ATL","SF","6-6",210,"July 4, 1994","us","R","Saint Joseph's University",1499760,14,22,38,1,371,47,98,0.48,1,18,0.056,46,80,0.575,0.485,6,16,0.375,14,45,59,28,8,5,16,21,101
"Dennis Schroder","17","ATL","PG","6-1",172,"September 15, 1993","de","3","",2708582,1,23,79,78,2485,548,1214,0.451,100,294,0.34,448,920,0.487,0.493,218,255,0.855,42,206,248,499,74,16,258,149,1414
"Dwight Howard","8","ATL","C","6-11",265,"December 8, 1985","us","12","",23180275,3,31,74,74,2199,388,613,0.633,0,2,0,388,611,0.635,0.633,226,424,0.533,296,644,940,104,64,92,170,203,1002
"Ersan Ilyasova","7","ATL","PF","6-10",235,"May 15, 1987","tr","8","",8400000,12,29,26,12,633,93,226,0.412,32,92,0.348,61,134,0.455,0.482,52,65,0.8,42,109,151,43,22,8,34,73,270
"Gary Neal","14","ATL","SG","6-4",210,"October 3, 1984","us","6","La Salle University, Towson University",72193,19,32,2,0,18,0,7,0,0,2,0,0,5,0,0,4,4,1,0,1,1,1,0,0,0,1,4
"Jose Calderon","13","ATL","PG","6-3",200,"September 28, 1981","es","11","",392478,15,35,17,2,247,23,57,0.404,8,30,0.267,15,27,0.556,0.474,7,8,0.875,7,25,32,37,4,0,15,14,61
"Kent Bazemore","24","ATL","SF","6-5",201,"July 1, 1989","us","4","Old Dominion University",15730338,5,27,73,64,1963,295,721,0.409,92,266,0.346,203,455,0.446,0.473,119,168,0.708,45,186,231,177,91,52,125,165,801
"Kris Humphries","43","ATL","PF","6-9",235,"February 6, 1985","us","12","University of Minnesota",4e+06,11,31,56,4,689,87,214,0.407,19,54,0.352,68,160,0.425,0.451,64,82,0.78,60,146,206,29,15,21,28,69,257
"Lamar Patterson","13","ATL","SG","6-5",225,"August 12, 1991","us","1","University of Pittsburgh",128623,18,25,5,0,40,3,15,0.2,1,6,0.167,2,9,0.222,0.233,2,3,0.667,1,6,7,6,1,0,4,6,9
"Malcolm Delaney","5","ATL","PG","6-3",190,"March 11, 1989","us","R","Virginia Polytechnic Institute and State University",2500000,7,27,73,2,1248,145,388,0.374,26,110,0.236,119,278,0.428,0.407,75,93,0.806,10,113,123,193,39,1,95,112,391
"Mike Dunleavy","34","ATL","SF","6-9",230,"September 15, 1980","us","14","Duke University",4837500,13,36,30,0,475,57,130,0.438,33,77,0.429,24,53,0.453,0.565,22,26,0.846,13,55,68,30,9,5,14,35,169
"Mike Muscala","31","ATL","C","6-11",240,"July 1, 1991","us","3","Bucknell University",1015696,8,25,70,3,1237,170,337,0.504,46,110,0.418,124,227,0.546,0.573,49,64,0.766,76,164,240,95,30,41,55,97,435
"Paul Millsap","4","ATL","PF","6-8",246,"February 10, 1985","us","10","Louisiana Tech University",20072033,2,31,69,67,2343,430,972,0.442,75,241,0.311,355,731,0.486,0.481,311,405,0.768,111,422,533,252,90,62,158,186,1246
"Ryan Kelly","30","ATL","PF","6-11",230,"April 9, 1991","us","3","Duke University",418228,17,25,16,0,110,8,28,0.286,4,10,0.4,4,18,0.222,0.357,5,6,0.833,1,17,18,8,4,5,4,5,25
"Taurean Waller-Prince","12","ATL","SF","6-8",220,"March 22, 1994","us","R","Baylor University",2318280,9,22,59,10,981,114,285,0.4,33,102,0.324,81,183,0.443,0.458,74,94,0.787,25,132,157,55,43,27,61,96,335
"Thabo Sefolosha","25","ATL","SF","6-7",220,"May 2, 1984","ch","10","",3850000,6,32,62,42,1596,174,395,0.441,41,120,0.342,133,275,0.484,0.492,55,75,0.733,54,216,270,107,96,31,58,97,444
"Tim Hardaway","10","ATL","SG","6-6",205,"March 16, 1992","us","3","University of Michigan",2281605,4,24,79,30,2154,415,912,0.455,149,417,0.357,266,495,0.537,0.537,164,214,0.766,35,189,224,182,55,15,106,103,1143
"Axel Toupane","6","MIL","SF","6-7",197,"July 23, 1992","fr","1","",51449,19,24,2,0,6,0,1,0,0,1,0,0,0,NA,0,0,0,NA,0,0,0,0,0,0,0,1,0
"Gary Payton","0","MIL","PG","6-3",190,"December 1, 1992","us","R","Oregon State University",35166,16,24,6,0,99,8,22,0.364,1,9,0.111,7,13,0.538,0.386,3,5,0.6,0,12,12,13,3,4,10,9,20
"Giannis Antetokounmpo","34","MIL","SF","6-11",222,"December 6, 1994","gr","3","",2995421,1,22,80,80,2845,656,1259,0.521,49,180,0.272,607,1079,0.563,0.541,471,612,0.77,142,558,700,434,131,151,234,246,1832
"Greg Monroe","15","MIL","C","6-11",265,"June 4, 1990","us","6","Georgetown University",17100000,5,26,81,0,1823,387,726,0.533,0,4,0,387,722,0.536,0.533,177,239,0.741,167,365,532,187,92,38,140,168,951
"Jabari Parker","12","MIL","PF","6-8",250,"March 15, 1995","us","2","Duke University",5374320,6,21,51,50,1728,399,814,0.49,65,178,0.365,334,636,0.525,0.53,162,218,0.743,79,235,314,142,50,22,93,111,1025
"Jason Terry","3","MIL","SG","6-2",185,"September 15, 1977","us","17","University of Arizona",1551659,7,39,74,0,1365,105,243,0.432,73,171,0.427,32,72,0.444,0.582,24,29,0.828,15,91,106,98,46,20,36,95,307
"John Henson","31","MIL","C","6-11",229,"December 28, 1990","us","4","University of North Carolina",12517606,9,26,58,39,1123,159,309,0.515,0,1,0,159,308,0.516,0.515,74,107,0.692,92,203,295,57,29,78,52,151,392
"Khris Middleton","22","MIL","SF","6-8",234,"August 12, 1991","us","4","Texas A&M University",15200000,11,25,29,23,889,150,333,0.45,45,104,0.433,105,229,0.459,0.518,81,92,0.88,11,112,123,99,41,7,65,79,426
"Malcolm Brogdon","13","MIL","SG","6-5",215,"December 11, 1992","us","R","University of Virginia",925000,4,24,75,28,1982,290,635,0.457,78,193,0.404,212,442,0.48,0.518,109,126,0.865,47,166,213,317,84,12,113,140,767
"Matthew Dellavedova","8","MIL","PG","6-4",198,"September 8, 1990","au","3","Saint Mary's College of California",9607500,3,26,76,54,1986,208,534,0.39,79,215,0.367,129,319,0.404,0.463,82,96,0.854,24,123,147,357,53,0,133,153,577
"Michael Beasley","9","MIL","PF","6-9",235,"January 9, 1989","us","8","Kansas State University",1403611,10,28,56,6,935,216,406,0.532,18,43,0.419,198,363,0.545,0.554,78,105,0.743,40,153,193,53,27,27,66,92,528
"Miles Plumlee","18","MIL","C","6-11",249,"September 1, 1988","us","4","Duke University",12500000,14,28,32,12,310,30,68,0.441,0,0,NA,30,68,0.441,0.441,22,35,0.629,23,30,53,18,11,9,22,48,82
"Mirza Teletovic","35","MIL","PF","6-9",242,"September 18, 1985","ba","4","",10500000,8,31,70,2,1133,156,418,0.373,104,305,0.341,52,113,0.46,0.498,35,45,0.778,11,151,162,48,12,13,37,109,451
"Rashad Vaughn","20","MIL","SG","6-6",202,"August 16, 1996","us","1","University of Nevada, Las Vegas",1811040,13,20,41,2,458,57,156,0.365,26,81,0.321,31,75,0.413,0.449,2,5,0.4,4,45,49,23,19,10,14,32,142
"Spencer Hawes","0","MIL","PF","7-1",245,"April 28, 1988","us","9","University of Washington",6348759,15,28,19,0,171,30,59,0.508,9,26,0.346,21,33,0.636,0.585,14,18,0.778,6,39,45,19,2,4,9,16,83
"Steve Novak","6","MIL","PF","6-10",225,"June 13, 1983","us","10","Marquette University",1551659,17,33,8,0,22,2,7,0.286,1,6,0.167,1,1,1,0.357,0,0,NA,0,3,3,0,0,0,0,1,5
"Terrence Jones","6","MIL","PF","6-9",252,"January 9, 1992","us","4","University of Kentucky",236457,18,25,3,0,6,0,3,0,0,0,NA,0,3,0,0,0,0,NA,0,3,3,0,1,1,0,0,0
"Thon Maker","7","MIL","C","7-1",216,"February 25, 1997","ss","R","",2568600,12,19,57,34,562,83,181,0.459,28,74,0.378,55,107,0.514,0.536,32,49,0.653,40,74,114,23,10,26,17,84,226
"Tony Snell","21","MIL","SG","6-7",200,"November 10, 1991","us","3","University of New Mexico",2368327,2,25,80,80,2336,246,541,0.455,144,355,0.406,102,186,0.548,0.588,47,58,0.81,22,226,248,96,55,14,55,125,683
"Aaron Brooks","0","IND","PG","6-0",161,"January 14, 1985","us","8","University of Oregon",2700000,9,32,65,0,894,121,300,0.403,48,128,0.375,73,172,0.424,0.483,32,40,0.8,18,51,69,125,25,9,66,93,322
"Al Jefferson","7","IND","C","6-10",289,"January 4, 1985","us","12","",10230179,8,32,66,1,931,235,471,0.499,0,1,0,235,470,0.5,0.499,65,85,0.765,75,203,278,57,19,16,33,125,535
"C.J. Miles","0","IND","SF","6-6",225,"April 18, 1987","us","11","",4583450,6,29,76,29,1776,281,647,0.434,169,409,0.413,112,238,0.471,0.565,84,93,0.903,30,199,229,48,46,25,40,151,815
"Georges Niang","32","IND","PF","6-8",230,"June 17, 1993","us","R","Iowa State University",650000,16,23,23,0,93,9,36,0.25,1,12,0.083,8,24,0.333,0.264,2,2,1,2,15,17,5,3,0,5,6,21
"Glenn Robinson","40","IND","SF","6-6",222,"January 8, 1994","us","2","University of Michigan",1050500,7,23,69,27,1427,158,338,0.467,49,125,0.392,109,213,0.512,0.54,54,76,0.711,57,189,246,47,41,20,37,63,419
"Jeff Teague","44","IND","PG","6-2",186,"June 10, 1988","us","7","Wake Forest University",8800000,2,28,82,82,2657,402,909,0.442,90,252,0.357,312,657,0.475,0.492,360,415,0.867,33,297,330,639,100,32,216,165,1254
"Joe Young","3","IND","PG","6-2",180,"June 27, 1992","us","1","University of Houston, University of Oregon",1052342,14,24,33,0,135,26,72,0.361,5,23,0.217,21,49,0.429,0.396,11,15,0.733,1,16,17,15,4,0,5,5,68
"Kevin Seraphin","1","IND","PF","6-9",285,"December 7, 1989","gf","6","",1800000,12,27,49,3,559,109,198,0.551,0,2,0,109,196,0.556,0.551,14,22,0.636,41,101,142,23,7,20,29,66,232
"Lance Stephenson","6","IND","SG","6-5",230,"September 5, 1990","us","6","University of Cincinnati",4e+06,15,26,6,0,132,18,44,0.409,5,8,0.625,13,36,0.361,0.466,2,3,0.667,1,23,24,25,3,2,11,12,43
"Lavoy Allen","5","IND","PF","6-9",260,"February 4, 1989","us","5","Temple University",4e+06,10,27,61,5,871,77,168,0.458,0,1,0,77,167,0.461,0.458,23,33,0.697,105,114,219,57,18,24,29,78,177
"Monta Ellis","11","IND","SG","6-3",185,"October 26, 1985","us","11","",10770000,5,31,74,33,1998,247,557,0.443,43,135,0.319,204,422,0.483,0.482,93,128,0.727,19,185,204,236,78,27,135,149,630
"Myles Turner","33","IND","C","6-11",243,"March 24, 1996","us","1","University of Texas at Austin",2463840,3,20,81,81,2541,444,869,0.511,40,115,0.348,404,754,0.536,0.534,245,303,0.809,139,450,589,106,74,172,105,262,1173
"Paul George","13","IND","SF","6-9",220,"May 2, 1990","us","6","California State University, Fresno",18314532,1,26,75,75,2689,622,1348,0.461,195,496,0.393,427,852,0.501,0.534,336,374,0.898,58,434,492,251,119,27,220,206,1775
"Rakeem Christmas","25","IND","PF","6-9",250,"December 1, 1991","us","1","Syracuse University",1052342,13,25,29,0,219,19,43,0.442,0,0,NA,19,43,0.442,0.442,21,29,0.724,26,30,56,4,3,6,8,37,59
"Rodney Stuckey","2","IND","PG","6-5",210,"April 21, 1986","us","9","Eastern Washington University",7e+06,11,30,39,0,696,91,244,0.373,19,60,0.317,72,184,0.391,0.412,80,107,0.748,6,78,84,84,16,0,53,44,281
"Thaddeus Young","21","IND","PF","6-8",221,"June 21, 1988","us","9","Georgia Institute of Technology",14153652,4,28,74,74,2237,362,687,0.527,45,118,0.381,317,569,0.557,0.56,45,86,0.523,131,317,448,122,113,29,95,135,814
"Anthony Morrow","11","CHI","SG","6-5",210,"September 27, 1985","us","8","Georgia Institute of Technology",3488000,17,31,9,0,87,12,29,0.414,6,14,0.429,6,15,0.4,0.517,11,11,1,1,1,2,6,2,0,0,4,41
"Bobby Portis","5","CHI","PF","6-11",230,"February 10, 1995","us","1","University of Arkansas",1453680,10,21,64,13,1000,183,375,0.488,32,96,0.333,151,279,0.541,0.531,39,59,0.661,75,221,296,35,16,11,37,94,437
"Cameron Payne","22","CHI","PG","6-3",185,"August 8, 1994","us","1","Murray State University",2112480,16,22,11,0,142,21,63,0.333,11,34,0.324,10,29,0.345,0.421,1,4,0.25,1,16,17,15,4,0,13,14,54
"Cristiano Felicio","6","CHI","C","6-10",275,"July 7, 1992","br","1","",874636,8,24,66,0,1040,128,221,0.579,0,0,NA,128,221,0.579,0.579,60,93,0.645,124,187,311,40,25,17,33,110,316
"Denzel Valentine","45","CHI","SG","6-6",212,"November 16, 1993","us","R","Michigan State University",2092200,11,23,57,0,976,102,288,0.354,73,208,0.351,29,80,0.363,0.481,14,18,0.778,11,140,151,63,30,7,49,86,291
"Dwyane Wade","3","CHI","SG","6-4",220,"January 17, 1982","us","13","Marquette University",23200000,4,35,60,59,1792,414,955,0.434,45,145,0.31,369,810,0.456,0.457,223,281,0.794,63,207,270,228,86,41,138,112,1096
"Isaiah Canaan","0","CHI","SG","6-0",201,"May 21, 1991","us","3","Murray State University",1015696,14,25,39,0,592,63,173,0.364,25,94,0.266,38,79,0.481,0.436,30,33,0.909,6,44,50,37,22,1,21,35,181
"Jerian Grant","2","CHI","PG","6-4",195,"October 9, 1992","us","1","University of Notre Dame",1643040,9,24,63,28,1028,128,301,0.425,49,134,0.366,79,167,0.473,0.507,65,73,0.89,17,94,111,121,47,8,44,93,370
"Jimmy Butler","21","CHI","SF","6-8",236,"September 14, 1989","us","5","Marquette University",17552209,1,27,76,75,2809,570,1252,0.455,91,248,0.367,479,1004,0.477,0.492,585,676,0.865,129,341,470,417,143,32,159,112,1816
"Joffrey Lauvergne","77","CHI","C","6-11",220,"September 30, 1991","fr","2","",1709720,15,25,20,1,241,37,92,0.402,6,20,0.3,31,72,0.431,0.435,9,15,0.6,21,47,68,19,7,0,16,12,89
"Michael Carter-Williams","7","CHI","PG","6-6",190,"October 10, 1991","us","3","Syracuse University",3183526,12,25,45,19,846,112,306,0.366,15,64,0.234,97,242,0.401,0.391,58,77,0.753,24,129,153,113,38,23,66,102,297
"Nikola Mirotic","44","CHI","PF","6-10",220,"February 11, 1991","me","2","",5782450,5,25,70,15,1679,258,625,0.413,129,377,0.342,129,248,0.52,0.516,99,128,0.773,61,323,384,75,53,55,80,128,744
"Paul Zipser","16","CHI","SF","6-8",215,"February 18, 1994","de","R","",750000,13,22,44,18,843,88,221,0.398,33,99,0.333,55,122,0.451,0.473,31,40,0.775,15,110,125,36,15,16,40,78,240
"R.J. Hunter","31","CHI","SG","6-5",185,"October 24, 1993","us","1","Georgia State University",425000,18,23,3,0,9,0,1,0,0,1,0,0,0,NA,0,0,0,NA,0,1,1,0,0,0,0,0,0
"Rajon Rondo","9","CHI","PG","6-1",186,"February 22, 1986","us","10","University of Kentucky",1.4e+07,3,30,69,42,1843,229,561,0.408,50,133,0.376,179,428,0.418,0.453,30,50,0.6,73,282,355,461,99,11,169,144,538
"Robin Lopez","8","CHI","C","7-0",255,"April 1, 1988","us","8","Stanford University",13219250,2,28,81,81,2271,382,775,0.493,0,2,0,382,773,0.494,0.493,75,104,0.721,244,276,520,80,18,117,91,151,839
"Dion Waiters","11","MIA","SG","6-4",225,"December 10, 1991","us","4","Syracuse University",2898000,8,25,46,43,1384,281,663,0.424,85,215,0.395,196,448,0.438,0.488,82,127,0.646,18,135,153,200,42,20,103,95,729
"Goran Dragic","7","MIA","PG","6-3",190,"May 6, 1986","si","8","",15890000,2,30,73,73,2459,534,1124,0.475,117,289,0.405,417,835,0.499,0.527,298,377,0.79,62,217,279,423,89,13,212,199,1483
"Hassan Whiteside","21","MIA","C","7-0",265,"June 13, 1989","us","4","Marshall University",22116750,1,27,77,77,2513,542,973,0.557,0,0,NA,542,973,0.557,0.557,225,358,0.628,293,795,1088,57,57,161,154,226,1309
"James Johnson","16","MIA","PF","6-9",250,"February 20, 1987","us","7","Wake Forest University",4e+06,4,29,76,5,2085,368,769,0.479,87,256,0.34,281,513,0.548,0.535,152,215,0.707,66,310,376,276,76,86,171,197,975
"Josh McRoberts","4","MIA","PF","6-10",240,"February 28, 1987","us","9","Duke University",5782450,13,29,22,14,381,44,118,0.373,13,31,0.419,31,87,0.356,0.428,6,9,0.667,23,51,74,50,10,4,23,31,107
"Josh Richardson","0","MIA","SG","6-6",200,"September 15, 1993","us","1","University of Tennessee",874636,6,23,53,34,1614,202,513,0.394,75,227,0.33,127,286,0.444,0.467,60,77,0.779,35,133,168,140,60,39,65,132,539
"Justise Winslow","20","MIA","SF","6-7",225,"March 26, 1996","us","1","Duke University",2593440,11,20,18,15,625,80,225,0.356,7,35,0.2,73,190,0.384,0.371,29,47,0.617,23,71,94,66,26,6,33,52,196
"Luke Babbitt","5","MIA","SF","6-9",225,"June 20, 1989","us","6","University of Nevada, Reno",1227000,9,27,68,55,1065,113,281,0.402,87,210,0.414,26,71,0.366,0.557,11,15,0.733,12,129,141,36,20,11,25,118,324
"Okaro White","15","MIA","PF","6-8",204,"August 13, 1992","us","R","Florida State University",374933,12,24,35,0,471,33,87,0.379,12,34,0.353,21,53,0.396,0.448,20,22,0.909,25,57,82,21,10,10,18,52,98
"Rodney McGruder","17","MIA","SG","6-4",205,"July 29, 1991","us","R","Kansas State University",543471,5,25,78,65,1966,190,460,0.413,73,220,0.332,117,240,0.488,0.492,44,71,0.62,94,162,256,124,46,18,56,140,497
"Tyler Johnson","8","MIA","PG","6-4",186,"May 7, 1992","us","2","California State University, Fresno",5628000,3,24,73,0,2178,357,824,0.433,93,250,0.372,264,574,0.46,0.49,195,254,0.768,50,243,293,233,84,44,90,176,1002
"Udonis Haslem","40","MIA","C","6-8",235,"June 9, 1980","us","13","University of Florida",4e+06,15,36,16,0,130,11,23,0.478,0,3,0,11,20,0.55,0.478,9,15,0.6,8,28,36,6,6,1,8,22,31
"Wayne Ellington","2","MIA","SG","6-4",200,"October 29, 1987","us","7","University of North Carolina",6e+06,7,29,62,13,1500,231,555,0.416,149,394,0.378,82,161,0.509,0.55,37,43,0.86,18,114,132,70,35,4,30,70,648
"Willie Reed","35","MIA","C","6-10",220,"May 16, 1990","us","1","Saint Louis University",1015696,10,26,71,5,1031,162,285,0.568,1,4,0.25,161,281,0.573,0.57,49,88,0.557,129,203,332,26,18,47,31,137,374
"Andre Drummond","0","DET","C","6-11",279,"August 10, 1993","us","4","University of Connecticut",22116750,4,23,81,81,2409,483,911,0.53,2,7,0.286,481,904,0.532,0.531,137,355,0.386,345,770,1115,90,124,89,152,237,1105
"Aron Baynes","12","DET","C","6-10",260,"December 9, 1986","nz","4","Washington State University",6500000,9,30,75,2,1163,143,279,0.513,0,0,NA,143,279,0.513,0.513,79,94,0.84,111,222,333,32,17,39,50,166,365
"Beno Udrih","19","DET","PG","6-3",205,"July 5, 1982","si","12","",1551659,10,34,39,0,560,92,197,0.467,11,32,0.344,81,165,0.491,0.495,32,34,0.941,6,51,57,131,13,0,36,29,227
"Boban Marjanovic","51","DET","C","7-3",290,"August 15, 1988","rs","1","",7e+06,13,28,35,0,293,72,132,0.545,0,0,NA,72,132,0.545,0.545,47,58,0.81,46,84,130,9,6,12,10,25,191
"Darrun Hilliard","6","DET","SG","6-6",205,"April 13, 1993","us","1","Villanova University",874636,12,23,39,1,381,47,126,0.373,12,46,0.261,35,80,0.438,0.421,21,28,0.75,2,31,33,33,11,2,28,39,127
"Henry Ellenson","8","DET","PF","6-11",245,"January 13, 1997","us","R","Marquette University",1704120,14,20,19,2,146,23,64,0.359,10,35,0.286,13,29,0.448,0.438,4,8,0.5,8,33,41,7,1,1,14,6,60
"Ish Smith","14","DET","PG","6-0",175,"July 5, 1988","us","6","Wake Forest University",6e+06,5,28,81,32,1955,329,749,0.439,28,105,0.267,301,644,0.467,0.458,72,102,0.706,21,214,235,418,61,33,112,127,758
"Jon Leuer","30","DET","PF","6-10",228,"May 14, 1989","us","5","University of Wisconsin",10991957,6,27,75,34,1944,310,646,0.48,49,167,0.293,261,479,0.545,0.518,98,113,0.867,102,300,402,111,31,26,66,145,767
"Kentavious Caldwell-Pope","5","DET","SG","6-5",205,"February 18, 1993","us","3","University of Georgia",3678319,3,23,76,75,2529,370,928,0.399,153,437,0.35,217,491,0.442,0.481,154,185,0.832,55,193,248,193,89,12,86,118,1047
"Marcus Morris","13","DET","SF","6-9",235,"September 2, 1989","us","5","University of Kansas",4625000,2,27,79,79,2565,421,1007,0.418,118,357,0.331,303,650,0.466,0.477,145,185,0.784,77,289,366,160,52,25,87,168,1105
"Michael Gbinije","9","DET","SG","6-7",200,"June 5, 1992","us","R","Duke University, Syracuse University",650000,15,24,9,0,32,1,10,0.1,0,4,0,1,6,0.167,0.1,2,2,1,2,1,3,2,0,0,0,2,4
"Reggie Bullock","25","DET","SF","6-7",205,"March 16, 1991","us","3","University of North Carolina",2255644,11,25,31,5,467,54,128,0.422,28,73,0.384,26,55,0.473,0.531,5,7,0.714,13,51,64,29,18,3,10,22,141
"Reggie Jackson","1","DET","PG","6-3",208,"April 16, 1990","it","5","Boston College",14956522,7,26,52,50,1424,284,677,0.419,66,184,0.359,218,493,0.442,0.468,118,136,0.868,21,93,114,270,35,5,114,129,752
"Stanley Johnson","7","DET","SF","6-7",245,"May 29, 1996","us","1","University of Arizona",2969880,8,20,77,1,1371,129,365,0.353,45,154,0.292,84,211,0.398,0.415,36,53,0.679,36,153,189,105,56,24,71,121,339
"Tobias Harris","34","DET","PF","6-9",235,"July 15, 1992","us","5","University of Tennessee",17200000,1,24,82,48,2567,511,1063,0.481,109,314,0.347,402,749,0.537,0.532,190,226,0.841,63,353,416,142,60,39,96,133,1321
"Aaron Harrison","9","CHO","SG","6-6",210,"October 28, 1994","us","1","University of Kentucky",375579,19,22,5,0,17,0,4,0,0,2,0,0,2,0,0,1,2,0.5,0,3,3,3,0,0,0,2,1
"Brian Roberts","22","CHO","PG","6-1",173,"December 3, 1985","us","4","University of Dayton",1050961,12,31,41,2,416,46,122,0.377,17,44,0.386,29,78,0.372,0.447,33,39,0.846,5,34,39,52,9,1,26,18,142
"Briante Weber","0","CHO","PG","6-2",165,"December 29, 1992","us","1","Virginia Commonwealth University",231521,15,24,13,0,159,20,46,0.435,1,7,0.143,19,39,0.487,0.446,9,13,0.692,8,14,22,16,9,0,5,12,50
"Christian Wood","35","CHO","PF","6-11",220,"September 27, 1995","us","1","University of Nevada, Las Vegas",874636,16,21,13,0,107,12,23,0.522,0,5,0,12,18,0.667,0.522,11,15,0.733,14,15,29,2,3,6,7,11,35
"Cody Zeller","40","CHO","C","7-0",240,"October 5, 1992","us","3","Indiana University",5318313,7,24,62,58,1725,253,443,0.571,0,1,0,253,442,0.572,0.571,133,196,0.679,135,270,405,99,62,58,65,189,639
"Frank Kaminsky","44","CHO","C","7-0",242,"April 4, 1993","us","1","University of Wisconsin",2730000,5,23,75,16,1954,320,802,0.399,116,354,0.328,204,448,0.455,0.471,118,156,0.756,57,279,336,162,46,34,76,139,874
"Jeremy Lamb","3","CHO","SG","6-5",185,"May 30, 1992","us","4","University of Connecticut",6511628,8,24,62,5,1143,226,491,0.46,41,146,0.281,185,345,0.536,0.502,110,129,0.853,30,234,264,75,27,23,40,98,603
"Johnny O'Bryant","8","CHO","PF","6-9",257,"June 1, 1993","us","2","Louisiana State University",276827,17,23,4,0,34,8,15,0.533,1,3,0.333,7,12,0.583,0.567,1,2,0.5,4,4,8,4,0,0,3,6,18
"Kemba Walker","15","CHO","PG","6-1",172,"May 8, 1990","us","5","University of Connecticut",1.2e+07,1,26,79,79,2739,643,1449,0.444,240,602,0.399,403,847,0.476,0.527,304,359,0.847,45,263,308,434,85,22,168,119,1830
"Marco Belinelli","21","CHO","SG","6-5",210,"March 25, 1986","it","9","",6333333,6,30,74,0,1778,264,615,0.429,102,283,0.36,162,332,0.488,0.512,150,168,0.893,14,164,178,147,44,9,70,90,780
"Marvin Williams","2","CHO","PF","6-9",237,"June 19, 1986","us","11","University of North Carolina",12250000,4,30,76,76,2295,297,704,0.422,124,354,0.35,173,350,0.494,0.51,131,150,0.873,89,411,500,106,58,53,60,134,849
"Michael Kidd-Gilchrist","14","CHO","SF","6-7",232,"September 26, 1993","us","4","University of Kentucky",1.3e+07,3,23,81,81,2349,295,618,0.477,1,9,0.111,294,609,0.483,0.478,152,194,0.784,156,409,565,114,81,77,56,187,743
"Mike Tobey","10","CHO","C","7-0",260,"October 10, 1994","us","R","University of Virginia",138938,18,22,2,0,25,1,4,0.25,0,0,NA,1,4,0.25,0.25,0,0,NA,2,1,3,1,0,0,1,2,2
"Nicolas Batum","5","CHO","SG","6-8",200,"December 14, 1988","fr","8","",20869566,2,28,77,77,2617,393,975,0.403,135,405,0.333,258,570,0.453,0.472,243,284,0.856,46,435,481,456,86,29,194,109,1164
"Ramon Sessions","7","CHO","PG","6-3",190,"April 11, 1986","us","9","University of Nevada, Reno",6e+06,9,30,50,1,811,100,263,0.38,21,62,0.339,79,201,0.393,0.42,91,118,0.771,11,62,73,129,27,3,46,43,312
"Treveon Graham","12","CHO","SG","6-6",220,"October 29, 1993","us","R","Virginia Commonwealth University",543471,13,23,27,1,189,19,40,0.475,9,15,0.6,10,25,0.4,0.588,10,15,0.667,5,17,22,6,6,1,3,18,57
"Carmelo Anthony","7","NYK","SF","6-8",240,"May 29, 1984","us","13","Syracuse University",24559380,1,32,74,74,2538,602,1389,0.433,151,421,0.359,451,968,0.466,0.488,304,365,0.833,62,376,438,213,60,34,153,198,1659
"Chasson Randle","4","NYK","PG","6-2",185,"February 5, 1993","us","R","Stanford University",243860,15,23,18,0,225,28,72,0.389,10,32,0.313,18,40,0.45,0.458,29,31,0.935,6,21,27,28,6,1,16,28,95
"Courtney Lee","5","NYK","SG","6-5",200,"October 3, 1985","us","8","Western Kentucky University",11242000,2,31,77,74,2459,321,704,0.456,108,269,0.401,213,435,0.49,0.533,85,98,0.867,53,206,259,179,81,24,69,141,835
"Derrick Rose","25","NYK","PG","6-3",190,"October 4, 1988","us","7","University of Memphis",21323250,4,28,64,64,2082,460,977,0.471,13,60,0.217,447,917,0.487,0.477,221,253,0.874,66,180,246,283,44,17,147,84,1154
"Joakim Noah","13","NYK","C","6-11",230,"February 25, 1985","us","9","University of Florida",1.7e+07,10,31,46,46,1015,99,202,0.49,0,1,0,99,201,0.493,0.49,34,78,0.436,162,241,403,103,30,37,58,127,232
"Justin Holiday","8","NYK","SG","6-6",185,"April 5, 1989","us","3","University of Washington",1015696,5,27,82,4,1639,233,538,0.433,97,273,0.355,136,265,0.513,0.523,66,80,0.825,27,198,225,102,65,31,66,109,629
"Kristaps Porzingis","6","NYK","PF","7-3",240,"August 2, 1995","lv","1","",4317720,3,21,66,65,2164,443,985,0.45,112,314,0.357,331,671,0.493,0.507,198,252,0.786,111,364,475,97,47,129,118,244,1196
"Kyle O'Quinn","9","NYK","C","6-10",250,"March 26, 1990","us","4","Norfolk State University",3900000,8,26,79,8,1229,215,413,0.521,2,17,0.118,213,396,0.538,0.523,64,83,0.771,157,282,439,117,36,104,76,174,496
"Lance Thomas","42","NYK","PF","6-8",235,"April 24, 1988","us","5","Duke University",6191000,11,28,46,15,968,97,244,0.398,38,85,0.447,59,159,0.371,0.475,43,51,0.843,32,110,142,35,21,5,25,85,275
"Marshall Plumlee","40","NYK","C","7-0",250,"July 14, 1992","us","R","Duke University",543471,16,24,21,1,170,16,30,0.533,0,0,NA,16,30,0.533,0.533,8,19,0.421,23,28,51,10,4,4,12,23,40
"Maurice Ndour","2","NYK","PF","6-9",200,"June 18, 1992","sn","R","Ohio University",543471,14,24,32,4,331,39,86,0.453,1,7,0.143,38,79,0.481,0.459,19,26,0.731,22,42,64,8,15,8,12,30,98
"Mindaugas Kuzminskas","91","NYK","SF","6-9",215,"October 19, 1989","lt","R","",2898000,9,27,68,5,1016,158,369,0.428,54,168,0.321,104,201,0.517,0.501,55,68,0.809,47,79,126,69,29,11,51,79,425
"Ron Baker","31","NYK","SG","6-4",220,"March 30, 1993","us","R","Wichita State University",543471,12,23,52,13,857,82,217,0.378,23,86,0.267,59,131,0.45,0.431,28,43,0.651,12,86,98,107,34,8,56,74,215
"Sasha Vujacic","18","NYK","SG","6-7",195,"March 8, 1984","si","9","",1410598,13,32,42,4,408,42,136,0.309,23,74,0.311,19,62,0.306,0.393,17,24,0.708,12,47,59,52,13,2,16,38,124
"Willy Hernangomez","14","NYK","C","6-11",240,"May 27, 1994","es","R","",1375000,7,22,72,22,1324,246,465,0.529,4,15,0.267,242,450,0.538,0.533,91,125,0.728,170,332,502,96,41,36,100,150,587
"Aaron Gordon","0","ORL","SF","6-9",220,"September 16, 1995","us","2","University of Arizona",4351320,2,21,80,72,2298,393,865,0.454,77,267,0.288,316,598,0.528,0.499,156,217,0.719,116,289,405,150,65,40,89,172,1019
"Anthony Brown","21","ORL","SF","6-7",210,"October 10, 1992","us","1","Stanford University",51449,19,24,2,0,16,4,9,0.444,1,3,0.333,3,6,0.5,0.5,0,0,NA,2,5,7,2,0,0,1,2,9
"Arinze Onuaku","21","ORL","C","6-9",255,"July 13, 1987","us","2","Syracuse University",440078,18,29,8,0,28,2,4,0.5,0,0,NA,2,4,0.5,0.5,0,0,NA,2,4,6,2,0,1,2,3,4
"Bismack Biyombo","11","ORL","C","6-9",255,"August 28, 1992","cd","5","",1.7e+07,5,24,81,27,1793,179,339,0.528,0,0,NA,179,339,0.528,0.528,125,234,0.534,157,410,567,74,25,91,95,202,483
"C.J. Watson","32","ORL","PG","6-2",175,"April 17, 1984","us","9","University of Tennessee",5e+06,9,32,62,9,1012,96,248,0.387,32,105,0.305,64,143,0.448,0.452,57,66,0.864,16,73,89,114,43,2,47,84,281
"C.J. Wilcox","23","ORL","SG","6-5",195,"December 30, 1990","us","2","University of Washington",1209680,14,26,22,0,108,8,31,0.258,3,15,0.2,5,16,0.313,0.306,2,2,1,4,8,12,12,2,1,6,8,21
"D.J. Augustin","14","ORL","PG","6-0",183,"November 10, 1987","us","8","University of Texas at Austin",7250000,7,29,78,20,1538,195,517,0.377,95,274,0.347,100,243,0.412,0.469,131,161,0.814,15,102,117,209,31,1,90,101,616
"Damjan Rudez","3","ORL","SF","6-10",228,"June 17, 1986","hr","2","",980431,13,30,45,0,314,31,88,0.352,20,64,0.313,11,24,0.458,0.466,0,0,NA,5,20,25,20,12,1,9,31,82
"Elfrid Payton","4","ORL","PG","6-4",185,"February 22, 1994","us","2","University of Louisiana at Lafayette",2613600,1,22,82,58,2412,430,912,0.471,40,146,0.274,390,766,0.509,0.493,146,211,0.692,89,298,387,529,88,40,178,177,1046
"Evan Fournier","10","ORL","SG","6-7",205,"October 29, 1992","fr","4","",1.7e+07,3,24,68,66,2234,408,930,0.439,128,360,0.356,280,570,0.491,0.508,223,277,0.805,44,165,209,202,66,4,141,180,1167
"Jeff Green","34","ORL","PF","6-9",235,"August 28, 1986","us","8","Georgetown University",1.5e+07,8,30,69,11,1534,220,558,0.394,53,193,0.275,167,365,0.458,0.442,145,168,0.863,39,175,214,81,37,13,75,103,638
"Jodie Meeks","20","ORL","SG","6-4",210,"August 21, 1987","us","7","University of Kentucky",6540000,12,29,36,10,738,103,256,0.402,56,137,0.409,47,119,0.395,0.512,65,74,0.878,5,72,77,45,34,4,36,41,327
"Marcus Georges-Hunt","13","ORL","SG","6-5",216,"March 28, 1994","us","R","Georgia Institute of Technology",31969,16,22,5,0,48,2,7,0.286,1,2,0.5,1,5,0.2,0.357,9,10,0.9,1,8,9,3,1,0,2,5,14
"Mario Hezonja","8","ORL","SF","6-8",215,"February 25, 1995","hr","1","",3909840,10,21,65,2,960,117,330,0.355,43,144,0.299,74,186,0.398,0.42,40,50,0.8,20,126,146,62,30,15,58,74,317
"Nikola Vucevic","9","ORL","C","7-0",260,"October 24, 1990","ch","5","University of Southern California",11750000,4,26,75,55,2163,483,1031,0.468,23,75,0.307,460,956,0.481,0.48,107,160,0.669,176,603,779,208,76,74,117,180,1096
"Patricio Garino","29","ORL","SG","6-6",210,"May 17, 1993","ar","R","George Washington University",31969,17,23,5,0,43,0,7,0,0,5,0,0,2,0,0,0,0,NA,1,6,7,0,0,0,3,4,0
"Stephen Zimmerman","33","ORL","C","7-0",240,"September 9, 1996","us","R","University of Nevada, Las Vegas",950000,15,20,19,0,108,10,31,0.323,0,0,NA,10,31,0.323,0.323,3,5,0.6,11,24,35,4,2,5,3,17,23
"Terrence Ross","31","ORL","SF","6-7",206,"February 5, 1991","us","4","University of Washington",1e+07,11,25,24,24,748,115,267,0.431,46,135,0.341,69,132,0.523,0.517,23,27,0.852,4,64,68,43,34,13,35,61,299
"Alex Poythress","5","PHI","PF","6-7",238,"September 6, 1993","us","R","University of Kentucky",38903,16,23,6,1,157,25,54,0.463,6,19,0.316,19,35,0.543,0.519,8,10,0.8,11,18,29,5,3,2,3,14,64
"Dario Saric","9","PHI","PF","6-10",223,"April 8, 1994","hr","R","",2318280,3,22,81,36,2129,381,927,0.411,106,341,0.311,275,586,0.469,0.468,172,220,0.782,112,401,513,182,57,30,183,162,1040
"Gerald Henderson","12","PHI","SG","6-5",215,"December 9, 1987","us","7","Duke University",9e+06,5,29,72,41,1667,234,553,0.423,61,173,0.353,173,380,0.455,0.478,133,165,0.806,34,151,185,112,40,15,62,129,662
"Hollis Thompson","31","PHI","SG","6-8",206,"April 3, 1991","us","3","Georgetown University",442126,13,25,31,1,561,66,159,0.415,26,71,0.366,40,88,0.455,0.497,13,20,0.65,15,69,84,26,14,6,9,55,171
"Jahlil Okafor","8","PHI","C","6-11",275,"December 15, 1995","us","1","Duke University",4788840,10,21,50,33,1134,242,471,0.514,0,0,NA,242,471,0.514,0.514,106,158,0.671,81,159,240,58,20,49,91,122,590
"Jerryd Bayless","0","PHI","PG","6-3",200,"August 20, 1988","us","8","University of Arizona",9424084,19,28,3,1,71,11,32,0.344,2,5,0.4,9,27,0.333,0.375,9,10,0.9,3,9,12,13,0,0,9,4,33
"Joel Embiid","21","PHI","C","7-0",250,"March 16, 1994","cm","R","University of Kansas",4826160,11,22,31,31,786,200,429,0.466,36,98,0.367,164,331,0.495,0.508,191,244,0.783,61,182,243,66,27,76,117,112,627
"Justin Anderson","23","PHI","SF","6-6",228,"November 19, 1993","us","1","University of Virginia",1514160,14,23,24,8,518,75,162,0.463,21,72,0.292,54,90,0.6,0.528,32,41,0.78,30,66,96,34,13,7,26,45,203
"Justin Harper","30","PHI","PF","6-10",225,"August 30, 1989","us","2","University of Richmond",57672,21,27,3,0,31,5,12,0.417,2,7,0.286,3,5,0.6,0.5,0,0,NA,2,3,5,2,0,0,4,2,12
"Nik Stauskas","11","PHI","SG","6-6",205,"October 7, 1993","ca","2","University of Michigan",2993040,1,23,80,27,2188,251,634,0.396,132,359,0.368,119,275,0.433,0.5,122,150,0.813,21,205,226,188,45,32,128,144,756
"Richaun Holmes","22","PHI","C","6-10",245,"October 15, 1993","us","1","Bowling Green State University",1025831,8,23,57,17,1193,230,412,0.558,27,77,0.351,203,335,0.606,0.591,72,103,0.699,94,217,311,58,42,55,55,136,559
"Robert Covington","33","PHI","SF","6-9",215,"December 14, 1990","us","3","Tennessee State University",1015696,4,26,67,67,2119,292,732,0.399,137,412,0.333,155,320,0.484,0.492,143,174,0.822,92,344,436,102,127,69,131,203,864
"Sergio Rodriguez","14","PHI","PG","6-3",176,"June 12, 1986","es","4","",8e+06,6,30,68,30,1518,210,536,0.392,92,252,0.365,118,284,0.415,0.478,18,27,0.667,21,136,157,344,49,4,128,95,530
"Shawn Long","36","PHI","C","6-9",255,"January 29, 1993","us","R","University of Louisiana at Lafayette",96969,15,24,18,0,234,61,109,0.56,7,19,0.368,54,90,0.6,0.592,19,35,0.543,41,44,85,13,9,9,13,49,148
"T.J. McConnell","1","PHI","PG","6-2",200,"March 25, 1992","us","1","Duquesne University, University of Arizona",874636,2,24,81,51,2133,236,512,0.461,11,55,0.2,225,457,0.492,0.472,73,90,0.811,39,212,251,534,134,10,159,139,556
"Tiago Splitter","47","PHI","C","6-11",245,"January 1, 1985","br","6","",8550000,17,32,8,0,76,14,31,0.452,2,6,0.333,12,25,0.48,0.484,9,11,0.818,8,14,22,4,1,1,6,8,39
"Timothe Luwawu-Cabarrot","20","PHI","SF","6-6",205,"May 9, 1995","fr","R","",1326960,9,21,69,19,1190,145,361,0.402,50,161,0.311,95,200,0.475,0.471,105,123,0.854,25,124,149,75,32,10,73,154,445
"Andrew Nicholson","44","BRK","PF","6-9",250,"December 8, 1989","ca","4","St. Bonaventure University",6088993,19,27,10,0,111,13,34,0.382,2,11,0.182,11,23,0.478,0.412,2,2,1,4,23,27,3,5,0,6,18,30
"Anthony Bennett","13","BRK","PF","6-8",245,"March 14, 1993","ca","3","University of Nevada, Las Vegas",1015696,16,23,23,1,264,38,92,0.413,13,48,0.271,25,44,0.568,0.484,26,36,0.722,25,53,78,12,5,3,12,18,115
"Archie Goodwin","10","BRK","SG","6-5",200,"August 17, 1994","us","3","University of Kentucky",194494,17,22,12,0,184,34,61,0.557,4,13,0.308,30,48,0.625,0.59,23,32,0.719,7,21,28,23,4,4,14,7,95
"Brook Lopez","11","BRK","C","7-0",275,"April 1, 1988","us","8","Stanford University",21165675,1,28,75,75,2222,555,1172,0.474,134,387,0.346,421,785,0.536,0.531,295,364,0.81,121,282,403,176,38,124,184,192,1539
"Caris LeVert","22","BRK","SF","6-7",203,"August 25, 1994","us","R","University of Michigan",1562280,9,22,57,26,1237,171,380,0.45,59,184,0.321,112,196,0.571,0.528,67,93,0.72,23,165,188,110,49,8,59,91,468
"Greivis Vasquez","21","BRK","PG","6-6",217,"January 16, 1987","ve","6","University of Maryland",4347826,21,30,3,0,39,2,8,0.25,1,3,0.333,1,5,0.2,0.313,2,3,0.667,0,2,2,5,1,1,1,6,7
"Isaiah Whitehead","15","BRK","PG","6-4",213,"March 8, 1995","us","R","Seton Hall University",1074145,5,21,73,26,1643,204,508,0.402,44,149,0.295,160,359,0.446,0.445,91,113,0.805,32,152,184,192,42,36,142,175,543
"Jeremy Lin","7","BRK","PG","6-3",200,"August 23, 1988","us","6","Harvard University",11483254,12,28,36,33,883,175,400,0.438,58,156,0.372,117,244,0.48,0.51,115,141,0.816,11,124,135,184,42,14,86,79,523
"Joe Harris","12","BRK","SG","6-6",219,"September 6, 1991","us","2","University of Virginia",980431,11,25,52,11,1138,154,362,0.425,85,221,0.385,69,141,0.489,0.543,35,49,0.714,16,131,147,54,30,8,55,121,428
"Justin Hamilton","41","BRK","C","7-0",260,"April 1, 1990","us","2","Iowa State University, Louisiana State University",3e+06,10,26,64,7,1177,174,379,0.459,55,180,0.306,119,199,0.598,0.532,39,52,0.75,71,191,262,55,29,43,43,91,442
"K.J. McDaniels","14","BRK","SF","6-6",205,"February 9, 1993","us","2","Clemson University",3333333,15,23,20,0,293,46,101,0.455,11,39,0.282,35,62,0.565,0.51,23,28,0.821,9,43,52,9,12,10,19,25,126
"Luis Scola","4","BRK","PF","6-9",240,"April 30, 1980","ar","9","",5e+06,14,36,36,1,461,71,151,0.47,17,50,0.34,54,101,0.535,0.526,25,37,0.676,51,88,139,37,14,4,34,63,184
"Quincy Acy","13","BRK","PF","6-7",240,"October 6, 1990","us","4","Baylor University",1914544,13,26,32,1,510,65,153,0.425,36,83,0.434,29,70,0.414,0.542,43,57,0.754,18,89,107,18,14,15,19,58,209
"Randy Foye","2","BRK","SG","6-4",213,"September 24, 1983","us","10","Villanova University",2500000,8,33,69,40,1284,118,325,0.363,67,203,0.33,51,122,0.418,0.466,54,63,0.857,9,146,155,135,35,9,80,99,357
"Rondae Hollis-Jefferson","24","BRK","SF","6-7",220,"January 3, 1995","us","1","University of Arizona",1395600,2,22,78,50,1761,235,542,0.434,15,67,0.224,220,475,0.463,0.447,190,253,0.751,96,356,452,154,82,44,116,177,675
"Sean Kilpatrick","6","BRK","SG","6-4",210,"January 6, 1990","us","2","University of Cincinnati",980431,3,27,70,24,1754,305,735,0.415,105,308,0.341,200,427,0.468,0.486,204,242,0.843,22,258,280,157,45,6,135,118,919
"Spencer Dinwiddie","8","BRK","PG","6-6",200,"April 6, 1993","us","2","University of Colorado",726672,7,23,59,18,1334,134,302,0.444,38,101,0.376,96,201,0.478,0.507,126,159,0.792,27,137,164,185,44,23,66,119,432
"Trevor Booker","35","BRK","PF","6-8",228,"November 25, 1987","us","6","Clemson University",9250000,4,29,71,43,1754,305,591,0.516,25,78,0.321,280,513,0.546,0.537,74,110,0.673,143,428,571,138,75,28,127,152,709
"Yogi Ferrell","10","BRK","PG","6-0",180,"May 9, 1993","us","R","Indiana University",202300,18,23,10,0,151,18,49,0.367,8,27,0.296,10,22,0.455,0.449,10,16,0.625,4,8,12,17,2,2,14,11,54
"Anderson Varejao","18","GSW","C","6-10",273,"September 28, 1982","br","12","",1551659,15,34,14,1,92,5,14,0.357,0,0,NA,5,14,0.357,0.357,8,11,0.727,12,15,27,10,3,3,8,16,18
"Andre Iguodala","9","GSW","SF","6-6",215,"January 28, 1984","us","12","University of Arizona",11131368,5,33,76,0,1998,219,415,0.528,64,177,0.362,155,238,0.651,0.605,72,102,0.706,51,253,304,261,76,39,58,97,574
"Damian Jones","15","GSW","C","7-0",245,"June 30, 1995","us","R","Vanderbilt University",1171560,16,21,10,0,85,8,16,0.5,0,0,NA,8,16,0.5,0.5,3,10,0.3,9,14,23,0,1,4,6,15,19
"David West","3","GSW","C","6-9",250,"August 29, 1980","us","13","Xavier University",1551659,10,36,68,0,854,135,252,0.536,3,8,0.375,132,244,0.541,0.542,43,56,0.768,47,156,203,151,42,48,78,105,316
"Draymond Green","23","GSW","PF","6-7",230,"March 4, 1990","us","4","Michigan State University",15330435,3,26,76,76,2471,272,650,0.418,81,263,0.308,191,387,0.494,0.481,151,213,0.709,98,501,599,533,154,106,184,217,776
"Ian Clark","21","GSW","SG","6-3",175,"March 7, 1991","us","3","Belmont University",1015696,8,25,77,0,1137,211,433,0.487,61,163,0.374,150,270,0.556,0.558,44,58,0.759,22,99,121,90,39,8,55,77,527
"James Michael McAdoo","20","GSW","PF","6-9",230,"January 4, 1993","us","2","University of North Carolina",980431,12,24,52,2,457,62,117,0.53,2,8,0.25,60,109,0.55,0.538,21,42,0.5,34,57,91,18,18,29,19,47,147
"JaVale McGee","1","GSW","C","7-0",270,"January 19, 1988","us","8","University of Nevada, Reno",1403611,11,29,77,10,739,208,319,0.652,0,3,0,208,316,0.658,0.652,56,111,0.505,100,144,244,17,19,67,40,109,472
"Kevin Durant","35","GSW","PF","6-9",240,"September 29, 1988","us","9","University of Texas at Austin",26540100,4,28,62,62,2070,551,1026,0.537,117,312,0.375,434,714,0.608,0.594,336,384,0.875,39,474,513,300,66,99,138,117,1555
"Kevon Looney","5","GSW","C","6-9",220,"February 6, 1996","us","1","University of California, Los Angeles",1182840,13,20,53,4,447,56,107,0.523,2,9,0.222,54,98,0.551,0.533,21,34,0.618,44,80,124,29,15,17,17,64,135
"Klay Thompson","11","GSW","SG","6-7",215,"February 8, 1990","us","5","Washington State University",16663575,1,26,78,78,2649,644,1376,0.468,268,647,0.414,376,729,0.516,0.565,186,218,0.853,49,236,285,160,66,40,128,139,1742
"Matt Barnes","22","GSW","SF","6-7",226,"March 9, 1980","us","13","University of California, Los Angeles",383351,14,36,20,5,410,38,90,0.422,18,52,0.346,20,38,0.526,0.522,20,23,0.87,15,76,91,45,12,9,24,47,114
"Patrick McCaw","0","GSW","SG","6-7",185,"October 25, 1995","us","R","University of Nevada, Las Vegas",543471,9,21,71,20,1074,106,245,0.433,41,123,0.333,65,122,0.533,0.516,29,37,0.784,21,79,100,77,32,15,36,62,282
"Shaun Livingston","34","GSW","PG","6-7",192,"September 11, 1985","us","11","",5782450,6,31,76,3,1345,173,316,0.547,1,3,0.333,172,313,0.55,0.549,42,60,0.7,28,123,151,139,38,20,62,120,389
"Stephen Curry","30","GSW","PG","6-3",190,"March 14, 1988","us","7","Davidson College",12112359,2,28,79,79,2638,675,1443,0.468,324,789,0.411,351,654,0.537,0.58,325,362,0.898,61,292,353,524,142,17,239,183,1999
"Zaza Pachulia","27","GSW","C","6-11",270,"February 10, 1984","ge","13","",2898000,7,32,70,70,1268,164,307,0.534,0,2,0,164,305,0.538,0.534,98,126,0.778,140,270,410,132,59,33,87,166,426
"Bryn Forbes","11","SAS","SG","6-3",190,"July 23, 1993","us","R","Michigan State University",543471,14,23,36,0,285,36,99,0.364,17,53,0.321,19,46,0.413,0.449,5,6,0.833,2,21,23,23,1,0,11,20,94
"Danny Green","14","SAS","SG","6-6",215,"June 22, 1987","us","7","University of North Carolina",1e+07,3,29,68,68,1807,176,449,0.392,118,311,0.379,58,138,0.42,0.523,27,32,0.844,31,193,224,124,70,57,76,120,497
"David Lee","10","SAS","PF","6-9",245,"April 29, 1983","us","11","University of Florida",1551659,7,33,79,10,1477,248,420,0.59,0,0,NA,248,420,0.59,0.59,80,113,0.708,149,292,441,124,31,40,82,125,576
"Davis Bertans","42","SAS","PF","6-10",210,"November 12, 1992","lv","R","",543471,12,24,67,6,808,103,234,0.44,69,173,0.399,34,61,0.557,0.588,28,34,0.824,22,76,98,46,20,28,32,75,303
"Dejounte Murray","5","SAS","PG","6-5",170,"September 19, 1996","us","R","University of Washington",1180080,13,20,38,8,322,50,116,0.431,9,23,0.391,41,93,0.441,0.47,21,30,0.7,6,36,42,48,8,6,38,29,130
"Dewayne Dedmon","3","SAS","C","7-0",245,"August 12, 1989","us","3","University of Southern California",2898000,9,27,76,37,1330,161,259,0.622,0,0,NA,161,259,0.622,0.622,65,93,0.699,129,367,496,44,37,61,61,180,387
"Joel Anthony","30","SAS","C","6-9",245,"August 9, 1982","ca","9","University of Nevada, Las Vegas",663810,16,34,19,0,122,10,16,0.625,0,0,NA,10,16,0.625,0.625,5,8,0.625,8,23,31,3,2,6,4,11,25
"Jonathon Simmons","17","SAS","SG","6-6",195,"September 14, 1989","us","1","University of Houston",874636,8,27,78,8,1392,177,421,0.42,30,102,0.294,147,319,0.461,0.456,99,132,0.75,20,140,160,126,47,25,76,146,483
"Kawhi Leonard","2","SAS","SF","6-7",230,"June 29, 1991","us","5","San Diego State University",17638063,1,25,74,74,2474,636,1312,0.485,147,387,0.38,489,925,0.529,0.541,469,533,0.88,80,350,430,260,133,55,154,122,1888
"Kyle Anderson","1","SAS","SF","6-9",230,"September 20, 1993","us","2","University of California, Los Angeles",1192080,11,23,72,14,1020,93,209,0.445,15,40,0.375,78,169,0.462,0.481,45,57,0.789,33,175,208,91,51,26,39,63,246
"LaMarcus Aldridge","12","SAS","PF","6-11",260,"July 19, 1985","us","10","University of Texas at Austin",20575005,2,31,72,72,2335,500,1049,0.477,23,56,0.411,477,993,0.48,0.488,220,271,0.812,172,351,523,139,46,88,98,158,1243
"Manu Ginobili","20","SAS","SG","6-6",205,"July 28, 1977","ar","14","",1.4e+07,10,39,69,0,1291,171,439,0.39,89,227,0.392,82,212,0.387,0.491,86,107,0.804,28,129,157,183,82,16,96,119,517
"Nicolas Laprovittola","27","SAS","PG","6-4",180,"January 31, 1990","ar","R","",210995,15,27,18,3,174,20,47,0.426,10,27,0.37,10,20,0.5,0.532,9,9,1,1,9,10,28,4,1,19,19,59
"Patty Mills","8","SAS","PG","6-0",185,"August 11, 1988","au","7","Saint Mary's College of California",3578948,4,28,80,8,1754,273,621,0.44,147,355,0.414,126,266,0.474,0.558,66,80,0.825,24,117,141,280,65,3,101,109,759
"Pau Gasol","16","SAS","C","7-0",250,"July 6, 1980","es","15","",15500000,5,36,64,39,1627,303,604,0.502,56,104,0.538,247,500,0.494,0.548,130,184,0.707,107,394,501,150,24,70,81,110,792
"Tony Parker","9","SAS","PG","6-2",185,"May 17, 1982","be","15","",14445313,6,34,63,63,1587,265,569,0.466,23,69,0.333,242,500,0.484,0.486,85,117,0.726,9,104,113,285,34,2,89,92,638
"Bobby Brown","8","HOU","PG","6-2",175,"September 24, 1984","us","2","California State University, Fullerton",934293,15,32,25,0,123,23,60,0.383,14,35,0.4,9,25,0.36,0.5,2,2,1,0,6,6,14,1,0,5,5,62
"Chinanu Onuaku","21","HOU","C","6-10",245,"November 1, 1996","us","R","University of Louisville",543471,17,20,5,1,52,5,7,0.714,0,0,NA,5,7,0.714,0.714,4,4,1,2,8,10,3,3,1,4,6,14
"Clint Capela","15","HOU","C","6-10",240,"May 18, 1994","ch","2","",1296240,6,22,65,59,1551,362,563,0.643,0,0,NA,362,563,0.643,0.643,94,177,0.531,178,348,526,63,34,79,87,179,818
"Eric Gordon","10","HOU","SG","6-4",215,"December 25, 1988","us","8","Indiana University",12385364,3,28,75,15,2323,412,1016,0.406,246,661,0.372,166,355,0.468,0.527,147,175,0.84,29,172,201,188,48,41,121,150,1217
"Isaiah Taylor","17","HOU","PG","6-3",170,"July 11, 1994","us","R","University of Texas at Austin",305000,16,22,4,0,52,1,7,0.143,0,2,0,1,5,0.2,0.143,1,2,0.5,1,2,3,3,1,1,0,6,3
"James Harden","13","HOU","PG","6-5",220,"August 26, 1989","us","7","Arizona State University",26540100,1,27,81,81,2947,674,1533,0.44,262,756,0.347,412,777,0.53,0.525,746,881,0.847,95,564,659,907,121,38,464,215,2356
"Lou Williams","12","HOU","SG","6-1",175,"October 27, 1986","us","11","",7e+06,11,30,23,0,591,102,264,0.386,41,129,0.318,61,135,0.452,0.464,98,113,0.867,12,58,70,56,15,9,40,25,343
"Montrezl Harrell","5","HOU","C","6-8",240,"January 26, 1994","us","1","University of Louisville",1045000,9,23,58,14,1064,225,345,0.652,1,7,0.143,224,338,0.663,0.654,76,121,0.628,81,138,219,64,20,42,44,126,527
"Nene Hilario","42","HOU","C","6-11",250,"September 13, 1982","br","14","",2898000,8,34,67,8,1198,245,397,0.617,3,9,0.333,242,388,0.624,0.621,116,197,0.589,95,187,282,65,56,39,73,163,609
"Patrick Beverley","2","HOU","SG","6-1",185,"July 12, 1988","us","4","University of Arkansas",6e+06,5,28,67,67,2058,228,543,0.42,110,288,0.382,118,255,0.463,0.521,73,95,0.768,95,298,393,281,99,25,100,222,639
"Ryan Anderson","3","HOU","PF","6-10",240,"May 6, 1988","us","8","University of California",18735364,4,28,72,72,2116,323,773,0.418,204,506,0.403,119,267,0.446,0.55,129,150,0.86,112,218,330,68,31,14,55,142,979
"Sam Dekker","7","HOU","PF","6-9",230,"May 6, 1994","us","1","University of Wisconsin",1720560,7,22,77,2,1419,203,429,0.473,60,187,0.321,143,242,0.591,0.543,38,68,0.559,94,190,284,76,38,21,41,83,504
"Trevor Ariza","1","HOU","SF","6-8",215,"June 30, 1985","us","12","University of California, Los Angeles",7806971,2,31,80,80,2773,326,798,0.409,191,555,0.344,135,243,0.556,0.528,93,126,0.738,54,404,458,175,147,20,73,133,936
"Troy Williams","14","HOU","SF","6-7",218,"December 30, 1994","us","R","Indiana University",181969,14,22,6,3,139,22,44,0.5,8,21,0.381,14,23,0.609,0.591,6,7,0.857,9,15,24,6,3,1,6,18,58
"Alan Anderson","9","LAC","SF","6-6",220,"October 16, 1982","us","7","Michigan State University",1315448,12,34,30,0,308,30,80,0.375,14,44,0.318,16,36,0.444,0.463,12,16,0.75,3,21,24,11,3,0,7,35,86
"Austin Rivers","25","LAC","SG","6-4",200,"August 1, 1992","us","4","Duke University",1.1e+07,5,24,74,29,2054,323,731,0.442,111,299,0.371,212,432,0.491,0.518,132,191,0.691,20,141,161,204,48,10,115,187,889
"Blake Griffin","32","LAC","PF","6-10",251,"March 16, 1989","us","6","University of Oklahoma",20140838,4,27,61,61,2076,479,971,0.493,38,113,0.336,441,858,0.514,0.513,320,421,0.76,112,385,497,300,57,22,142,157,1316
"Brandon Bass","30","LAC","PF","6-8",250,"April 30, 1985","us","11","Louisiana State University",1551659,11,31,52,0,577,107,186,0.575,1,3,0.333,106,183,0.579,0.578,77,88,0.875,43,86,129,21,14,11,29,45,292
"Brice Johnson","10","LAC","PF","6-10",230,"June 27, 1994","us","R","University of North Carolina",1273920,15,22,3,0,9,2,7,0.286,0,0,NA,2,7,0.286,0.286,0,0,NA,1,2,3,1,2,1,1,0,4
"Chris Paul","3","LAC","PG","6-0",175,"May 6, 1985","us","11","Wake Forest University",22868827,6,31,61,61,1921,374,785,0.476,124,302,0.411,250,483,0.518,0.555,232,260,0.892,40,264,304,563,119,8,147,146,1104
"DeAndre Jordan","6","LAC","C","6-11",265,"July 21, 1988","us","8","Texas A&M University",21165675,1,28,81,81,2570,412,577,0.714,0,2,0,412,575,0.717,0.714,205,425,0.482,298,816,1114,96,51,134,115,212,1029
"Diamond Stone","0","LAC","C","6-11",255,"February 10, 1997","us","R","University of Maryland",543471,14,19,7,0,24,3,13,0.231,0,0,NA,3,13,0.231,0.231,4,4,1,1,5,6,0,0,1,2,5,10
"J.J. Redick","4","LAC","SG","6-4",190,"June 24, 1984","us","10","Duke University",7377500,2,32,78,78,2198,396,890,0.445,201,468,0.429,195,422,0.462,0.558,180,202,0.891,11,160,171,110,54,13,98,125,1173
"Jamal Crawford","11","LAC","SG","6-5",200,"March 20, 1980","us","16","University of Michigan",13253012,3,36,82,1,2157,359,870,0.413,116,322,0.36,243,548,0.443,0.479,174,203,0.857,17,112,129,214,61,14,134,115,1008
"Luc Mbah a Moute","12","LAC","SF","6-8",230,"September 9, 1986","cm","8","University of California, Los Angeles",2203000,7,30,80,76,1787,191,378,0.505,43,110,0.391,148,268,0.552,0.562,59,87,0.678,44,126,170,39,81,35,46,122,484
"Marreese Speights","5","LAC","C","6-10",255,"August 4, 1987","us","8","University of Florida",1403611,9,29,82,2,1286,244,548,0.445,103,277,0.372,141,271,0.52,0.539,120,137,0.876,88,285,373,65,23,41,69,229,711
"Paul Pierce","34","LAC","SF","6-7",235,"October 13, 1977","us","18","University of Kansas",3500000,13,39,25,7,277,28,70,0.4,15,43,0.349,13,27,0.481,0.507,10,13,0.769,1,47,48,10,4,5,16,40,81
"Raymond Felton","2","LAC","PG","6-1",205,"June 26, 1984","us","11","University of North Carolina",1551659,8,32,80,11,1700,221,514,0.43,46,144,0.319,175,370,0.473,0.475,50,64,0.781,33,185,218,191,66,22,83,125,538
"Wesley Johnson","33","LAC","SF","6-7",215,"July 11, 1987","us","6","Iowa State University, Syracuse University",5628000,10,29,68,3,810,73,200,0.365,29,118,0.246,44,82,0.537,0.438,11,17,0.647,26,155,181,23,29,30,18,83,186
"Alec Burks","10","UTA","SG","6-6",214,"July 20, 1991","us","5","University of Colorado",10154495,12,25,42,0,653,99,248,0.399,25,76,0.329,74,172,0.43,0.45,60,78,0.769,17,103,120,30,18,5,35,50,283
"Boris Diaw","33","UTA","PF","6-8",250,"April 16, 1982","fr","13","",7e+06,7,34,73,33,1283,146,327,0.446,20,81,0.247,126,246,0.512,0.477,26,35,0.743,46,112,158,170,18,9,87,83,338
"Dante Exum","11","UTA","PG","6-6",190,"July 13, 1995","au","1","",3940320,8,21,66,26,1228,155,363,0.427,44,149,0.295,111,214,0.519,0.488,58,73,0.795,30,102,132,111,21,12,80,146,412
"Derrick Favors","15","UTA","PF","6-10",265,"July 15, 1991","us","6","Georgia Institute of Technology",11050000,10,25,50,39,1186,203,417,0.487,3,10,0.3,200,407,0.491,0.49,67,109,0.615,92,213,305,56,45,40,60,103,476
"George Hill","3","UTA","PG","6-3",188,"May 4, 1986","us","8","Indiana University-Purdue University Indianapolis",8e+06,6,30,49,49,1544,289,606,0.477,94,233,0.403,195,373,0.523,0.554,157,196,0.801,23,144,167,204,50,11,85,114,829
"Gordon Hayward","20","UTA","SF","6-8",226,"March 23, 1990","us","6","Butler University",16073140,2,26,73,73,2516,545,1156,0.471,149,374,0.398,396,782,0.506,0.536,362,429,0.844,49,345,394,252,73,20,140,117,1601
"Jeff Withey","24","UTA","C","7-0",231,"March 7, 1990","us","3","University of Kansas",1015696,13,26,51,1,432,55,103,0.534,0,1,0,55,102,0.539,0.534,36,48,0.75,52,69,121,7,16,32,14,52,146
"Joe Ingles","2","UTA","SF","6-8",226,"October 2, 1987","au","2","",2250000,3,29,82,26,1972,204,451,0.452,123,279,0.441,81,172,0.471,0.589,50,68,0.735,23,238,261,225,96,8,107,163,581
"Joe Johnson","6","UTA","SF","6-7",240,"June 29, 1981","us","15","University of Arkansas",1.1e+07,4,35,78,14,1843,273,626,0.436,106,258,0.411,167,368,0.454,0.521,63,77,0.818,33,210,243,144,36,18,69,93,715
"Joel Bolomboy","21","UTA","PF","6-9",235,"January 28, 1994","ua","R","Weber State University",6e+05,15,23,12,0,53,9,16,0.563,1,4,0.25,8,12,0.667,0.594,3,6,0.5,4,13,17,2,1,2,2,1,22
"Raul Neto","25","UTA","PG","6-1",179,"May 19, 1992","br","1","",937800,14,24,40,0,346,41,91,0.451,10,31,0.323,31,60,0.517,0.505,8,9,0.889,4,26,30,34,21,5,15,48,100
"Rodney Hood","5","UTA","SG","6-8",206,"October 20, 1992","us","2","Mississippi State University, Duke University",1406520,5,24,59,55,1593,272,666,0.408,114,307,0.371,158,359,0.44,0.494,90,115,0.783,16,186,202,96,38,11,65,132,748
"Rudy Gobert","27","UTA","C","7-1",245,"June 26, 1992","fr","3","",2121288,1,24,81,81,2744,413,625,0.661,0,1,0,413,624,0.662,0.661,311,476,0.653,314,721,1035,97,49,214,147,246,1137
"Shelvin Mack","8","UTA","PG","6-3",203,"April 22, 1990","us","5","Butler University",2433334,9,26,55,9,1205,170,381,0.446,37,120,0.308,133,261,0.51,0.495,53,77,0.688,20,105,125,154,42,3,90,100,430
"Trey Lyles","41","UTA","PF","6-10",234,"November 5, 1995","ca","1","University of Kentucky",2340600,11,21,71,4,1158,159,439,0.362,65,204,0.319,94,235,0.4,0.436,57,79,0.722,48,187,235,69,26,20,64,97,440
"Alex Abrines","8","OKC","SG","6-6",190,"August 1, 1993","es","R","",5994764,8,23,68,6,1055,134,341,0.393,94,247,0.381,40,94,0.426,0.531,44,49,0.898,18,68,86,40,37,8,33,114,406
"Andre Roberson","21","OKC","SF","6-7",210,"December 4, 1991","us","3","University of Colorado",2183072,3,25,79,79,2376,215,463,0.464,45,184,0.245,170,279,0.609,0.513,47,111,0.423,98,305,403,79,94,79,51,204,522
"Domantas Sabonis","3","OKC","PF","6-11",240,"May 3, 1996","us","R","Gonzaga University",2440200,5,20,81,66,1632,192,481,0.399,51,159,0.321,141,322,0.438,0.452,44,67,0.657,46,242,288,82,39,32,83,200,479
"Doug McDermott","25","OKC","SF","6-8",225,"January 3, 1992","us","2","Creighton University",2483040,13,25,22,1,430,56,124,0.452,21,58,0.362,35,66,0.53,0.536,12,17,0.706,6,43,49,13,2,1,6,22,145
"Enes Kanter","11","OKC","C","6-11",245,"May 20, 1992","ch","5","",17145838,6,24,72,0,1533,402,737,0.545,5,38,0.132,397,699,0.568,0.549,224,285,0.786,195,287,482,67,32,38,123,154,1033
"Jerami Grant","9","OKC","PF","6-8",210,"March 12, 1994","us","2","Syracuse University",980431,7,22,78,4,1490,146,311,0.469,43,114,0.377,103,197,0.523,0.539,86,139,0.619,38,161,199,46,33,75,41,144,421
"Josh Huestis","34","OKC","PF","6-7",230,"December 19, 1991","us","1","Stanford University",1191480,19,25,2,0,31,6,11,0.545,2,4,0.5,4,7,0.571,0.636,0,1,0,4,5,9,3,0,3,0,0,14
"Kyle Singler","15","OKC","SF","6-8",228,"May 4, 1988","us","4","Duke University",4837500,14,28,32,2,385,34,83,0.41,7,37,0.189,27,46,0.587,0.452,13,17,0.765,8,40,48,9,7,5,11,29,88
"Nick Collison","4","OKC","PF","6-10",255,"October 26, 1980","us","12","University of Kansas",3750000,16,36,20,0,128,14,23,0.609,0,1,0,14,22,0.636,0.609,5,8,0.625,9,22,31,12,2,2,4,17,33
"Norris Cole","30","OKC","PG","6-2",175,"October 13, 1988","us","5","Cleveland State University",247991,17,28,13,0,125,16,52,0.308,3,13,0.231,13,39,0.333,0.337,8,10,0.8,0,11,11,14,8,0,7,18,43
"Russell Westbrook","0","OKC","PG","6-3",200,"November 12, 1988","us","8","University of California, Los Angeles",26540100,1,28,81,81,2802,824,1941,0.425,200,583,0.343,624,1358,0.459,0.476,710,840,0.845,137,727,864,840,132,31,438,190,2558
"Semaj Christon","6","OKC","PG","6-3",190,"November 1, 1992","us","R","Xavier University",543471,9,24,64,1,973,77,223,0.345,12,63,0.19,65,160,0.406,0.372,17,31,0.548,19,68,87,130,28,7,43,79,183
"Steven Adams","12","OKC","C","7-0",255,"July 20, 1993","nz","3","University of Pittsburgh",3140517,2,23,80,80,2389,374,655,0.571,0,1,0,374,654,0.572,0.571,157,257,0.611,281,332,613,86,89,78,146,195,905
"Taj Gibson","22","OKC","PF","6-9",225,"June 24, 1985","us","7","University of Southern California",8950000,12,31,23,16,487,89,179,0.497,1,1,1,88,178,0.494,0.5,28,39,0.718,38,65,103,13,14,15,28,40,207
"Victor Oladipo","5","OKC","SG","6-4",210,"May 4, 1992","us","3","Indiana University",6552960,4,24,67,67,2222,412,932,0.442,127,352,0.361,285,580,0.491,0.51,116,154,0.753,39,252,291,176,78,21,119,155,1067
"Andrew Harrison","5","MEM","PG","6-6",213,"October 28, 1994","us","R","University of Kentucky",945000,8,22,72,18,1474,117,360,0.325,43,156,0.276,74,204,0.363,0.385,148,194,0.763,23,113,136,198,53,21,85,194,425
"Brandan Wright","34","MEM","PF","6-10",210,"October 5, 1987","us","8","University of North Carolina",5700000,12,29,28,5,447,83,135,0.615,0,1,0,83,134,0.619,0.615,23,35,0.657,31,47,78,15,11,20,10,42,189
"Chandler Parsons","25","MEM","SF","6-10",230,"October 25, 1988","us","5","University of Florida",22116750,10,28,34,34,675,75,222,0.338,25,93,0.269,50,129,0.388,0.394,35,43,0.814,6,78,84,55,20,5,24,52,210
"Deyonta Davis","23","MEM","C","6-11",237,"December 2, 1996","us","R","Michigan State University",1369229,16,20,36,0,238,24,47,0.511,0,0,NA,24,47,0.511,0.511,10,18,0.556,20,40,60,2,3,17,8,40,58
"James Ennis","8","MEM","SF","6-7",210,"July 1, 1990","us","2","California State University, Long Beach",2898000,7,26,64,28,1501,146,321,0.455,51,137,0.372,95,184,0.516,0.534,86,110,0.782,69,190,259,64,46,19,59,165,429
"JaMychal Green","0","MEM","PF","6-9",227,"June 21, 1990","us","2","University of Alabama",980431,3,26,77,75,2101,250,500,0.5,55,145,0.379,195,355,0.549,0.555,134,167,0.802,167,377,544,84,47,34,94,248,689
"Jarell Martin","1","MEM","PF","6-10",239,"May 24, 1994","us","1","Louisiana State University",1286160,11,22,42,3,558,58,151,0.384,9,25,0.36,49,126,0.389,0.414,40,50,0.8,42,120,162,8,17,9,28,91,165
"Marc Gasol","33","MEM","C","7-1",255,"January 29, 1985","es","8","",21165675,1,32,74,74,2531,532,1160,0.459,104,268,0.388,428,892,0.48,0.503,278,332,0.837,60,404,464,338,67,99,166,171,1446
"Mike Conley","11","MEM","PG","6-1",175,"October 11, 1987","us","9","Ohio State University",26540100,2,29,69,68,2292,464,1009,0.46,171,419,0.408,293,590,0.497,0.545,316,368,0.859,31,210,241,433,92,19,156,126,1415
"Toney Douglas","16","MEM","PG","6-2",195,"March 16, 1986","us","7","Auburn University, Florida State University",603558,15,30,24,0,394,43,117,0.368,7,42,0.167,36,75,0.48,0.397,24,29,0.828,13,48,61,56,18,5,21,50,117
"Tony Allen","9","MEM","SG","6-4",213,"January 11, 1982","us","12","Butler County Community College, Oklahoma State University",5505618,4,35,71,66,1914,274,595,0.461,15,54,0.278,259,541,0.479,0.473,80,130,0.615,166,225,391,98,115,29,100,178,643
"Troy Daniels","30","MEM","SG","6-4",205,"July 15, 1991","us","3","Virginia Commonwealth University",3332940,9,25,67,3,1183,185,495,0.374,138,355,0.389,47,140,0.336,0.513,43,54,0.796,22,78,100,46,20,4,45,90,551
"Vince Carter","15","MEM","SF","6-6",220,"January 26, 1977","us","18","University of North Carolina",4264057,5,40,73,15,1799,193,490,0.394,112,296,0.378,81,194,0.418,0.508,88,115,0.765,36,191,227,133,60,36,50,163,586
"Wade Baldwin","4","MEM","PG","6-4",202,"March 29, 1996","us","R","Vanderbilt University",1793760,14,20,33,1,405,36,115,0.313,3,22,0.136,33,93,0.355,0.326,31,37,0.838,11,35,46,61,18,7,39,40,106
"Wayne Selden","7","MEM","SG","6-5",230,"September 30, 1994","us","R","University of Kansas",83119,17,22,11,2,189,20,50,0.4,3,21,0.143,17,29,0.586,0.43,12,18,0.667,1,10,11,12,4,1,9,12,55
"Zach Randolph","50","MEM","PF","6-9",260,"July 16, 1981","us","15","Michigan State University",10361445,6,35,73,5,1786,433,964,0.449,21,94,0.223,412,870,0.474,0.46,141,193,0.731,182,416,598,122,38,10,99,136,1028
"Al-Farouq Aminu","8","POR","PF","6-9",220,"September 21, 1990","us","6","Wake Forest University",7680965,5,26,61,25,1773,183,466,0.393,70,212,0.33,113,254,0.445,0.468,96,136,0.706,77,374,451,99,60,44,94,102,532
"Allen Crabbe","23","POR","SG","6-6",210,"April 9, 1992","us","3","University of California",18500000,3,24,79,7,2254,303,647,0.468,134,302,0.444,169,345,0.49,0.572,105,124,0.847,19,207,226,94,54,20,62,171,845
"CJ McCollum","3","POR","SG","6-3",190,"September 19, 1991","us","3","Lehigh University",3219579,1,25,80,80,2796,692,1441,0.48,185,439,0.421,507,1002,0.506,0.544,268,294,0.912,60,229,289,285,72,42,172,202,1837
"Damian Lillard","0","POR","PG","6-3",195,"July 15, 1990","us","4","Weber State University",24328425,2,26,75,75,2694,661,1488,0.444,214,579,0.37,447,909,0.492,0.516,488,545,0.895,46,322,368,440,68,20,197,152,2024
"Ed Davis","17","POR","PF","6-10",240,"June 5, 1989","us","6","University of North Carolina",6666667,10,27,46,12,789,75,142,0.528,0,0,NA,75,142,0.528,0.528,50,81,0.617,96,148,244,26,15,22,37,137,200
"Evan Turner","1","POR","SF","6-7",220,"October 27, 1988","us","6","Ohio State University",16393443,6,28,65,12,1658,235,552,0.426,31,118,0.263,204,434,0.47,0.454,85,103,0.825,36,211,247,205,53,24,100,121,586
"Jake Layman","10","POR","SF","6-9",210,"March 7, 1994","us","R","University of Maryland",6e+05,14,22,35,1,249,26,89,0.292,13,51,0.255,13,38,0.342,0.365,13,17,0.765,6,18,24,11,9,3,11,22,78
"Jusuf Nurkic","27","POR","C","7-0",280,"August 23, 1994","ba","2","",1921320,11,22,20,19,584,120,236,0.508,0,1,0,120,235,0.511,0.508,64,97,0.66,65,142,207,63,25,38,62,73,304
"Maurice Harkless","4","POR","SF","6-9",215,"May 11, 1993","us","4","St. John's University",8988764,4,23,77,69,2223,314,624,0.503,68,194,0.351,246,430,0.572,0.558,77,124,0.621,125,216,341,88,85,70,86,214,773
"Meyers Leonard","11","POR","PF","7-1",245,"February 27, 1992","us","4","University of Illinois at Urbana-Champaign",9213484,9,24,74,12,1222,146,378,0.386,74,213,0.347,72,165,0.436,0.484,35,40,0.875,27,210,237,71,13,28,35,172,401
"Noah Vonleh","21","POR","PF","6-10",240,"August 24, 1995","us","2","Indiana University",2751360,8,21,74,41,1265,130,270,0.481,7,20,0.35,123,250,0.492,0.494,60,94,0.638,131,256,387,31,30,27,64,154,327
"Pat Connaughton","5","POR","SG","6-5",206,"January 6, 1993","us","1","University of Notre Dame",874636,13,24,39,1,316,37,72,0.514,17,33,0.515,20,39,0.513,0.632,7,9,0.778,10,42,52,28,6,2,17,23,98
"Shabazz Napier","6","POR","PG","6-1",175,"July 14, 1991","us","2","University of Connecticut",1350120,12,25,53,2,512,73,183,0.399,34,92,0.37,39,91,0.429,0.492,38,49,0.776,8,53,61,67,32,2,41,38,218
"Alonzo Gee","7","DEN","SF","6-6",225,"May 29, 1987","us","7","University of Alabama",495227,16,29,13,0,89,3,14,0.214,0,3,0,3,11,0.273,0.214,5,9,0.556,4,11,15,6,5,1,4,14,11
"Danilo Gallinari","8","DEN","SF","6-10",225,"August 8, 1988","it","7","",15050000,2,28,63,63,2134,335,750,0.447,126,324,0.389,209,426,0.491,0.531,349,387,0.902,39,286,325,135,40,15,82,93,1145
"Darrell Arthur","0","DEN","PF","6-9",235,"March 25, 1988","us","7","University of Kansas",8070175,12,28,41,7,639,95,215,0.442,53,117,0.453,42,98,0.429,0.565,19,22,0.864,25,87,112,42,19,21,36,76,262
"Emmanuel Mudiay","0","DEN","PG","6-5",200,"March 5, 1996","cd","1","",3241800,8,20,55,41,1406,208,551,0.377,56,178,0.315,152,373,0.408,0.428,131,167,0.784,29,149,178,217,41,13,123,95,603
"Gary Harris","14","DEN","SG","6-4",210,"September 14, 1994","us","2","Michigan State University",1655880,5,22,57,56,1782,320,637,0.502,107,255,0.42,213,382,0.558,0.586,104,134,0.776,48,130,178,164,71,8,76,92,851
"Jamal Murray","27","DEN","SG","6-4",207,"February 23, 1997","ca","R","University of Kentucky",3210840,6,19,82,10,1764,295,730,0.404,115,344,0.334,180,386,0.466,0.483,106,120,0.883,41,173,214,170,51,24,113,124,811
"Jameer Nelson","1","DEN","PG","6-0",190,"February 9, 1982","us","12","Saint Joseph's University",4540525,3,34,75,39,2045,268,604,0.444,106,273,0.388,162,331,0.489,0.531,45,63,0.714,28,164,192,385,54,8,128,197,687
"Jarnell Stokes","12","DEN","C","6-9",263,"January 7, 1994","us","2","University of Tennessee",150000,19,23,2,0,7,1,1,1,0,0,NA,1,1,1,1,1,2,0.5,1,1,2,2,1,0,0,3,3
"Juan Hernangomez","41","DEN","PF","6-9",230,"September 28, 1995","es","R","",1987440,10,21,62,9,842,101,224,0.451,46,113,0.407,55,111,0.495,0.554,57,76,0.75,43,144,187,29,30,12,31,62,305
"Kenneth Faried","35","DEN","PF","6-8",228,"November 19, 1989","us","5","Morehead State University",12078652,9,27,61,34,1296,228,416,0.548,0,6,0,228,410,0.556,0.548,131,189,0.693,183,279,462,55,43,40,59,124,587
"Malik Beasley","25","DEN","SG","6-5",196,"November 26, 1996","us","R","Florida State University",1627320,14,20,22,1,165,33,73,0.452,9,28,0.321,24,45,0.533,0.514,8,10,0.8,5,12,17,11,7,0,8,10,83
"Mason Plumlee","24","DEN","C","6-11",245,"March 5, 1990","us","3","Duke University",2328530,13,26,27,10,632,99,181,0.547,0,1,0,99,180,0.55,0.547,47,76,0.618,50,123,173,70,19,29,46,77,245
"Mike Miller","3","DEN","SF","6-8",218,"February 19, 1980","us","16","University of Florida",3500000,15,36,20,0,151,9,23,0.391,8,20,0.4,1,3,0.333,0.565,2,2,1,2,36,38,22,2,0,13,9,28
"Nikola Jokic","15","DEN","C","6-10",250,"February 19, 1995","rs","1","",1358500,4,21,73,59,2038,494,854,0.578,45,139,0.324,449,715,0.628,0.605,188,228,0.825,212,506,718,359,61,55,171,214,1221
"Roy Hibbert","34","DEN","C","7-2",270,"December 11, 1986","us","8","Georgetown University",5e+06,18,30,6,0,11,2,3,0.667,0,0,NA,2,3,0.667,0.667,0,0,NA,1,1,2,1,0,2,1,3,4
"Will Barton","5","DEN","SG","6-6",175,"January 6, 1991","us","4","University of Memphis",3533333,7,26,60,19,1705,295,666,0.443,87,235,0.37,208,431,0.483,0.508,143,190,0.753,58,201,259,206,48,28,97,110,820
"Wilson Chandler","21","DEN","SF","6-8",225,"May 10, 1987","us","8","DePaul University",11200000,1,29,71,33,2197,433,939,0.461,110,326,0.337,323,613,0.527,0.52,141,194,0.727,103,357,460,141,51,30,114,172,1117
"Alexis Ajinca","42","NOP","C","7-2",248,"May 6, 1988","fr","6","",4600000,10,28,39,15,584,89,178,0.5,0,4,0,89,174,0.511,0.5,29,40,0.725,46,131,177,12,20,22,31,77,207
"Anthony Davis","23","NOP","C","6-10",253,"March 11, 1993","us","4","University of Kentucky",22116750,1,23,75,75,2708,770,1526,0.505,40,134,0.299,730,1392,0.524,0.518,519,647,0.802,172,712,884,157,94,167,181,168,2099
"Cheick Diallo","13","NOP","PF","6-9",220,"September 13, 1996","ml","R","University of Kansas",543471,16,20,17,0,199,36,76,0.474,0,0,NA,36,76,0.474,0.474,15,21,0.714,23,50,73,4,4,7,7,17,87
"Dante Cunningham","33","NOP","PF","6-8",230,"April 22, 1987","us","7","Villanova University",2978250,5,29,66,35,1649,174,359,0.485,71,181,0.392,103,178,0.579,0.584,16,27,0.593,56,221,277,37,39,28,28,100,435
"DeMarcus Cousins","0","NOP","C","6-11",270,"August 13, 1990","us","6","University of Kentucky",16957900,11,26,17,17,574,142,314,0.452,36,96,0.375,106,218,0.486,0.51,94,121,0.777,37,174,211,66,25,19,62,75,414
"Donatas Motiejunas","12","NOP","PF","7-0",222,"September 20, 1990","lt","4","",576724,13,26,34,0,479,57,138,0.413,11,47,0.234,46,91,0.505,0.453,25,49,0.51,26,75,101,32,18,11,31,55,150
"E'Twaun Moore","55","NOP","SG","6-4",191,"February 28, 1989","us","5","Purdue University",8081363,4,27,73,22,1820,283,619,0.457,77,208,0.37,206,411,0.501,0.519,57,74,0.77,33,119,152,164,50,32,62,131,700
"Jarrett Jack","1","NOP","PG","6-3",200,"October 28, 1983","us","11","Georgia Institute of Technology",91274,24,33,2,0,33,2,3,0.667,0,1,0,2,2,1,0.667,2,2,1,0,0,0,5,2,0,3,4,6
"Jordan Crawford","4","NOP","SG","6-4",195,"October 23, 1988","us","4","Indiana University, Xavier University",234915,15,28,19,0,442,105,218,0.482,37,95,0.389,68,123,0.553,0.567,20,26,0.769,4,30,34,57,11,2,25,30,267
"Jrue Holiday","11","NOP","PG","6-4",205,"June 12, 1990","us","7","University of California, Los Angeles",11286518,3,26,67,61,2190,405,893,0.454,100,281,0.356,305,612,0.498,0.51,119,168,0.708,46,218,264,488,100,44,194,133,1029
"Omer Asik","3","NOP","C","7-0",255,"July 4, 1986","tr","6","",9904494,12,30,31,19,482,31,65,0.477,0,0,NA,31,65,0.477,0.477,23,39,0.59,48,115,163,15,5,10,14,51,85
"Omri Casspi","18","NOP","PF","6-9",225,"June 22, 1988","il","7","",3e+06,26,28,1,0,24,5,9,0.556,2,4,0.5,3,5,0.6,0.667,0,0,NA,1,1,2,0,0,0,2,3,12
"Quinn Cook","22","NOP","PG","6-2",184,"March 23, 1993","us","R","Duke University",79922,20,23,9,0,111,22,41,0.537,6,12,0.5,16,29,0.552,0.61,2,3,0.667,1,3,4,14,3,0,5,7,52
"Reggie Williams","5","NOP","SF","6-6",205,"September 14, 1986","us","6","Virginia Military Institute",252676,21,30,6,0,79,8,23,0.348,5,11,0.455,3,12,0.25,0.457,6,7,0.857,2,4,6,4,3,0,0,2,27
"Solomon Hill","44","NOP","SF","6-7",225,"March 18, 1991","us","3","University of Arizona",11241218,2,25,80,71,2374,183,478,0.383,94,270,0.348,89,208,0.428,0.481,103,128,0.805,51,256,307,141,72,32,82,182,563
"Tim Frazier","2","NOP","PG","6-1",170,"November 1, 1990","us","2","Pennsylvania State University",2090000,6,26,65,35,1525,163,404,0.403,40,128,0.313,123,276,0.446,0.453,98,129,0.76,34,139,173,335,56,6,101,133,464
"A.J. Hammons","20","DAL","C","7-0",260,"August 27, 1992","us","R","Purdue University",650000,17,24,22,0,163,17,42,0.405,5,10,0.5,12,32,0.375,0.464,9,20,0.45,8,28,36,4,1,13,10,21,48
"Ben Bentil","42","DAL","PF","6-9",235,"March 29, 1995","gh","R","Providence College",31969,24,21,3,0,10,0,3,0,0,1,0,0,2,0,0,0,0,NA,0,2,2,0,0,0,1,1,0
"DeAndre Liggins","14","DAL","SG","6-6",209,"March 31, 1988","us","3","University of Kentucky",1015696,22,28,1,0,25,3,6,0.5,0,1,0,3,5,0.6,0.5,2,3,0.667,3,4,7,0,2,0,0,3,8
"Devin Harris","34","DAL","PG","6-3",192,"February 27, 1983","us","12","University of Wisconsin",4228000,8,33,65,0,1087,136,341,0.399,58,177,0.328,78,164,0.476,0.484,107,129,0.829,11,116,127,136,43,7,57,101,437
"Dirk Nowitzki","41","DAL","PF","7-0",245,"June 19, 1978","de","18","",2.5e+07,5,38,54,54,1424,296,678,0.437,79,209,0.378,217,469,0.463,0.495,98,112,0.875,23,330,353,82,30,38,51,113,769
"Dorian Finney-Smith","10","DAL","PF","6-8",220,"May 4, 1993","us","R","University of Florida",543471,4,23,81,35,1642,124,333,0.372,56,191,0.293,68,142,0.479,0.456,46,61,0.754,55,167,222,67,52,25,45,125,350
"Dwight Powell","7","DAL","C","6-11",240,"July 20, 1991","ca","2","Stanford University",8375000,6,25,77,3,1333,194,377,0.515,21,74,0.284,173,303,0.571,0.542,107,141,0.759,93,213,306,49,61,39,34,135,516
"Harrison Barnes","40","DAL","PF","6-8",210,"May 30, 1992","us","4","University of North Carolina",22116750,1,24,79,79,2803,599,1280,0.468,78,222,0.351,521,1058,0.492,0.498,242,281,0.861,93,301,394,116,65,15,102,128,1518
"J.J. Barea","5","DAL","PG","6-0",185,"June 26, 1984","pr","10","Northeastern University",4096950,11,32,35,6,771,142,343,0.414,53,148,0.358,89,195,0.456,0.491,44,51,0.863,9,75,84,193,14,1,63,30,381
"Jarrod Uthoff","19","DAL","PF","6-9",221,"May 19, 1993","us","R","University of Iowa",63938,18,23,9,0,115,16,38,0.421,3,9,0.333,13,29,0.448,0.461,5,7,0.714,8,14,22,9,2,4,3,8,40
"Jonathan Gibson","3","DAL","PG","6-2",185,"November 8, 1987","us","R","New Mexico State University",680937,16,29,17,0,231,35,95,0.368,15,45,0.333,20,50,0.4,0.447,21,29,0.724,1,21,22,26,8,0,21,21,106
"Manny Harris","6","DAL","SG","6-5",185,"September 21, 1989","us","3","University of Michigan",119494,23,27,4,0,25,3,15,0.2,0,2,0,3,13,0.231,0.2,2,4,0.5,3,6,9,2,0,0,2,1,8
"Nerlens Noel","3","DAL","C","6-11",228,"April 10, 1994","us","2","University of Kentucky",4384490,15,22,22,12,483,77,134,0.575,0,0,NA,77,134,0.575,0.575,34,48,0.708,47,103,150,20,22,24,22,55,188
"Nicolas Brussino","9","DAL","SG","6-7",195,"March 2, 1993","ar","R","",543471,14,23,54,2,521,52,141,0.369,29,95,0.305,23,46,0.5,0.472,17,22,0.773,26,69,95,47,17,8,26,43,150
"Pierre Jackson","55","DAL","PG","5-10",180,"August 29, 1991","us","R","Baylor University",105498,19,25,8,1,84,13,39,0.333,3,11,0.273,10,28,0.357,0.372,6,7,0.857,1,8,9,19,2,0,3,5,35
"Salah Mejri","50","DAL","C","7-1",245,"June 15, 1986","tn","1","",874636,10,30,73,11,905,88,137,0.642,1,3,0.333,87,134,0.649,0.646,36,61,0.59,97,211,308,14,32,61,40,152,213
"Seth Curry","30","DAL","PG","6-2",185,"August 23, 1990","us","3","Liberty University, Duke University",2898000,3,26,70,42,2029,338,703,0.481,137,322,0.425,201,381,0.528,0.578,85,100,0.85,25,154,179,189,79,7,92,126,898
"Wesley Matthews","23","DAL","SG","6-5",220,"October 14, 1986","us","7","Marquette University",17100000,2,30,73,73,2495,333,847,0.393,174,479,0.363,159,368,0.432,0.496,146,179,0.816,18,241,259,210,77,15,102,161,986
"Anthony Tolliver","43","SAC","PF","6-8",240,"June 1, 1985","us","8","Creighton University",8e+06,6,31,65,9,1477,155,351,0.442,90,230,0.391,65,121,0.537,0.57,61,82,0.744,51,186,237,77,34,20,56,109,461
"Arron Afflalo","40","SAC","SG","6-5",210,"October 15, 1985","us","9","University of California, Los Angeles",12500000,5,31,61,45,1580,185,420,0.44,62,151,0.411,123,269,0.457,0.514,83,93,0.892,9,116,125,78,21,6,42,104,515
"Ben McLemore","23","SAC","SG","6-5",195,"February 11, 1993","us","3","University of Kansas",4008882,10,23,61,26,1176,180,419,0.43,65,170,0.382,115,249,0.462,0.507,70,93,0.753,19,110,129,51,29,6,62,108,495
"Buddy Hield","24","SAC","SG","6-4",214,"December 17, 1993","bs","R","University of Oklahoma",3517200,12,23,25,18,727,142,296,0.48,59,138,0.428,83,158,0.525,0.579,35,43,0.814,16,87,103,44,20,2,53,34,378
"Darren Collison","7","SAC","PG","6-0",175,"August 23, 1987","us","7","University of California, Los Angeles",5229454,1,29,68,64,2063,340,714,0.476,73,175,0.417,267,539,0.495,0.527,147,171,0.86,23,129,152,312,67,9,114,119,900
"Garrett Temple","17","SAC","SG","6-6",195,"May 8, 1986","us","6","Louisiana State University",8e+06,4,30,65,21,1728,183,432,0.424,82,220,0.373,101,212,0.476,0.519,58,74,0.784,32,152,184,168,84,28,78,141,506
"Georgios Papagiannis","13","SAC","C","7-1",240,"July 3, 1997","gr","R","",2202240,16,19,22,0,355,56,102,0.549,0,2,0,56,100,0.56,0.549,12,14,0.857,24,62,86,20,3,17,24,44,124
"Jordan Farmar","20","SAC","PG","6-2",180,"November 30, 1986","us","9","University of California, Los Angeles",82979,19,30,2,0,35,4,12,0.333,4,9,0.444,0,3,0,0.5,0,0,NA,1,2,3,9,2,0,3,1,12
"Kosta Koufos","41","SAC","C","7-0",265,"February 24, 1989","us","8","Ohio State University",8046500,8,27,71,62,1419,216,392,0.551,0,1,0,216,391,0.552,0.551,38,62,0.613,118,285,403,47,36,48,61,172,470
"Langston Galloway","9","SAC","PG","6-2",200,"December 9, 1991","us","2","Saint Joseph's University",5200000,15,25,19,2,375,42,104,0.404,19,40,0.475,23,64,0.359,0.495,11,12,0.917,7,28,35,28,6,1,18,20,114
"Malachi Richardson","5","SAC","SG","6-6",205,"January 5, 1996","us","R","Syracuse University",1439880,18,21,22,0,198,28,68,0.412,8,28,0.286,20,40,0.5,0.471,15,19,0.789,3,20,23,11,5,1,8,23,79
"Rudy Gay","8","SAC","SF","6-8",230,"August 17, 1986","us","10","University of Connecticut",13333333,11,30,30,30,1013,201,442,0.455,42,113,0.372,159,329,0.483,0.502,118,138,0.855,35,155,190,83,44,26,74,79,562
"Skal Labissiere","3","SAC","PF","6-11",225,"March 18, 1996","ht","R","University of Kentucky",1188840,13,20,33,12,612,117,218,0.537,3,8,0.375,114,210,0.543,0.544,52,74,0.703,51,111,162,27,16,13,37,64,289
"Ty Lawson","10","SAC","PG","5-11",195,"November 3, 1987","us","7","University of North Carolina",1315448,3,29,69,24,1732,237,522,0.454,34,118,0.288,203,404,0.502,0.487,173,217,0.797,44,135,179,334,74,6,129,119,681
"Tyreke Evans","32","SAC","SF","6-6",220,"September 19, 1989","us","7","University of Memphis",10661286,17,27,14,6,314,59,143,0.413,21,48,0.438,38,95,0.4,0.486,24,34,0.706,7,44,51,33,12,5,22,19,163
"Willie Cauley-Stein","0","SAC","C","7-0",240,"August 18, 1993","us","1","University of Kentucky",3551160,7,23,75,21,1421,255,481,0.53,0,2,0,255,479,0.532,0.53,101,151,0.669,85,254,339,80,53,44,69,147,611
"Adreian Payne","33","MIN","PF","6-10",237,"February 19, 1991","us","2","Michigan State University",2022240,13,25,18,0,135,23,54,0.426,3,15,0.2,20,39,0.513,0.454,14,19,0.737,9,24,33,7,8,7,8,32,63
"Andrew Wiggins","22","MIN","SF","6-8",199,"February 23, 1995","ca","2","University of Kansas",6006600,1,21,82,82,3048,709,1570,0.452,103,289,0.356,606,1281,0.473,0.484,412,542,0.76,102,226,328,189,82,30,187,183,1933
"Brandon Rush","4","MIN","SG","6-6",220,"July 7, 1985","us","8","University of Kansas",3500000,9,31,47,33,1030,70,187,0.374,44,114,0.386,26,73,0.356,0.492,13,18,0.722,16,83,99,45,22,23,28,42,197
"Cole Aldrich","45","MIN","C","6-11",250,"October 31, 1988","us","6","University of Kansas",7643979,11,28,62,0,531,45,86,0.523,0,0,NA,45,86,0.523,0.523,15,22,0.682,51,107,158,25,25,23,17,85,105
"Gorgui Dieng","5","MIN","PF","6-11",241,"January 18, 1990","sn","3","University of Louisville",2348783,3,27,82,82,2653,332,661,0.502,16,43,0.372,316,618,0.511,0.514,136,167,0.814,188,459,647,158,88,95,107,254,816
"John Lucas III","11","MIN","PG","5-11",166,"November 21, 1982","us","7","Baylor University, Oklahoma State University",635753,16,34,5,0,11,1,4,0.25,0,1,0,1,3,0.333,0.25,0,0,NA,0,0,0,1,2,0,0,0,2
"Jordan Hill","27","MIN","C","6-10",235,"July 27, 1987","us","7","University of Arizona",3911380,15,29,7,0,47,5,13,0.385,0,0,NA,5,13,0.385,0.385,2,2,1,8,6,14,0,1,0,4,9,12
"Karl-Anthony Towns","32","MIN","C","7-0",244,"November 15, 1995","us","1","University of Kentucky",5960160,2,21,82,82,3030,802,1480,0.542,101,275,0.367,701,1205,0.582,0.576,356,428,0.832,296,711,1007,220,56,103,212,241,2061
"Kris Dunn","3","MIN","PG","6-4",210,"March 18, 1994","us","R","Providence College",3872520,7,22,78,7,1333,118,313,0.377,21,73,0.288,97,240,0.404,0.411,36,59,0.61,24,142,166,188,78,36,89,178,293
"Nemanja Bjelica","88","MIN","PF","6-10",240,"May 9, 1988","rs","1","",3800000,8,28,65,1,1190,151,356,0.424,56,177,0.316,95,179,0.531,0.503,45,61,0.738,57,187,244,79,40,20,59,154,403
"Ricky Rubio","9","MIN","PG","6-4",194,"October 21, 1990","es","5","",13550000,4,26,75,75,2469,261,650,0.402,60,196,0.306,201,454,0.443,0.448,254,285,0.891,68,237,305,682,128,10,195,202,836
"Shabazz Muhammad","15","MIN","SF","6-6",223,"November 13, 1992","us","3","University of California, Los Angeles",3046299,6,24,78,1,1516,288,598,0.482,49,145,0.338,239,453,0.528,0.523,147,190,0.774,84,136,220,35,22,6,56,86,772
"Tyus Jones","1","MIN","PG","6-2",195,"May 10, 1996","us","1","Duke University",1339680,10,20,60,0,774,75,181,0.414,26,73,0.356,49,108,0.454,0.486,33,43,0.767,10,57,67,156,48,5,38,50,209
"Zach LaVine","8","MIN","SG","6-5",189,"March 10, 1995","us","2","University of California, Los Angeles",2240880,5,21,47,47,1749,326,710,0.459,120,310,0.387,206,400,0.515,0.544,117,140,0.836,19,141,160,139,41,10,85,104,889
"Brandon Ingram","14","LAL","SF","6-9",190,"September 2, 1997","us","R","Duke University",5281680,2,19,79,40,2279,276,686,0.402,55,187,0.294,221,499,0.443,0.442,133,214,0.621,60,256,316,166,50,36,116,158,740
"Corey Brewer","3","LAL","SF","6-9",186,"March 5, 1986","us","9","University of Florida",7600000,15,30,24,3,358,53,121,0.438,5,24,0.208,48,97,0.495,0.459,18,24,0.75,11,41,52,36,24,8,19,29,129
"D'Angelo Russell","1","LAL","PG","6-5",195,"February 23, 1996","us","1","Ohio State University",5332800,4,20,63,60,1811,351,867,0.405,135,384,0.352,216,483,0.447,0.483,147,188,0.782,31,190,221,303,87,16,176,130,984
"David Nwaba","10","LAL","SG","6-4",209,"January 14, 1993","us","R","California Polytechnic State University, San Luis Obispo",137466,13,24,20,2,397,47,81,0.58,1,5,0.2,46,76,0.605,0.586,25,39,0.641,17,46,63,14,13,7,11,36,120
"Ivica Zubac","40","LAL","C","7-1",265,"March 18, 1997","ba","R","",1034956,11,19,38,11,609,126,238,0.529,0,3,0,126,235,0.536,0.529,32,49,0.653,41,118,159,30,14,33,30,66,284
"Jordan Clarkson","6","LAL","SG","6-5",194,"June 7, 1992","us","2","University of Tulsa, University of Missouri",12500000,1,24,82,19,2397,477,1071,0.445,117,356,0.329,360,715,0.503,0.5,134,168,0.798,49,197,246,213,88,8,164,150,1205
"Julius Randle","30","LAL","PF","6-9",250,"November 29, 1994","us","2","University of Kentucky",3267120,3,22,74,73,2132,377,773,0.488,17,63,0.27,360,710,0.507,0.499,204,282,0.723,150,486,636,264,49,37,173,248,975
"Luol Deng","9","LAL","SF","6-9",220,"April 16, 1985","ss","12","Duke University",1.8e+07,6,31,56,49,1486,164,424,0.387,51,165,0.309,113,259,0.436,0.447,46,63,0.73,63,232,295,74,48,20,43,61,425
"Metta World Peace","37","LAL","SF","6-6",260,"November 13, 1979","us","16","St. John's University",1551659,18,37,25,2,160,19,68,0.279,9,38,0.237,10,30,0.333,0.346,10,16,0.625,5,15,20,11,10,2,7,18,57
"Nick Young","0","LAL","SG","6-7",210,"June 1, 1985","us","9","University of Southern California",5443918,5,31,60,60,1556,272,633,0.43,170,421,0.404,102,212,0.481,0.564,77,90,0.856,25,113,138,58,37,14,36,137,791
"Tarik Black","28","LAL","C","6-9",250,"November 22, 1991","us","2","University of Memphis, University of Kansas",6191000,10,25,67,16,1091,150,294,0.51,1,2,0.5,149,292,0.51,0.512,82,109,0.752,144,199,343,39,29,44,58,173,383
"Thomas Robinson","15","LAL","PF","6-10",237,"March 17, 1991","us","4","University of Kansas",1050961,12,25,48,1,560,105,196,0.536,0,1,0,105,195,0.538,0.536,31,66,0.47,84,139,223,31,26,9,46,76,241
"Timofey Mozgov","20","LAL","C","7-1",275,"July 16, 1986","ru","6","",1.6e+07,9,30,54,52,1104,169,328,0.515,0,1,0,169,327,0.517,0.515,63,78,0.808,104,160,264,43,16,31,72,133,401
"Tyler Ennis","11","LAL","PG","6-3",194,"August 24, 1994","ca","2","Syracuse University",1733880,14,22,22,2,392,65,144,0.451,21,54,0.389,44,90,0.489,0.524,19,22,0.864,5,21,26,52,19,2,21,29,170
"Alan Williams","15","PHO","C","6-8",260,"January 28, 1993","us","1","University of California, Santa Barbara",874636,12,24,47,0,708,138,267,0.517,0,1,0,138,266,0.519,0.517,70,112,0.625,94,198,292,23,27,32,37,125,346
"Alex Len","21","PHO","C","7-1",260,"June 16, 1993","ua","3","University of Maryland",4823621,6,23,77,34,1560,230,463,0.497,3,12,0.25,227,451,0.503,0.5,150,208,0.721,156,354,510,44,38,98,102,242,613
"Brandon Knight","11","PHO","SG","6-3",189,"December 2, 1991","us","5","University of Kentucky",12606250,9,25,54,5,1140,209,525,0.398,45,139,0.324,164,386,0.425,0.441,132,154,0.857,25,93,118,130,27,5,88,87,595
"Derrick Jones","10","PHO","SF","6-7",190,"February 15, 1997","us","R","University of Nevada, Las Vegas",543471,14,19,32,8,545,68,121,0.562,3,11,0.273,65,110,0.591,0.574,29,41,0.707,39,40,79,12,14,13,13,63,168
"Devin Booker","1","PHO","SG","6-6",206,"October 30, 1996","us","1","University of Kentucky",2223600,1,20,78,78,2730,606,1431,0.423,147,405,0.363,459,1026,0.447,0.475,367,441,0.832,46,203,249,268,72,21,241,242,1726
"Dragan Bender","35","PHO","PF","7-1",225,"November 17, 1997","ba","R","",4276320,13,19,43,0,574,57,161,0.354,28,101,0.277,29,60,0.483,0.441,4,11,0.364,23,80,103,23,10,22,32,74,146
"Elijah Millsap","22","PHO","SG","6-6",225,"August 12, 1987","us","2","University of Louisiana at Lafayette, University of Alabama at Birmingham",23069,17,29,2,0,23,1,7,0.143,0,2,0,1,5,0.2,0.143,1,2,0.5,3,3,6,1,0,0,2,2,3
"Eric Bledsoe","2","PHO","PG","6-1",205,"December 9, 1989","us","6","University of Kentucky",1.4e+07,2,27,66,66,2176,449,1034,0.434,104,310,0.335,345,724,0.477,0.485,388,458,0.847,52,268,320,418,91,31,224,164,1390
"Jared Dudley","3","PHO","PF","6-7",225,"July 10, 1985","us","9","Boston College",10470000,7,31,64,7,1362,157,346,0.454,77,203,0.379,80,143,0.559,0.565,43,65,0.662,31,194,225,121,42,16,73,154,434
"Jarell Eddie","31","PHO","SF","6-7",218,"October 30, 1991","us","1","Virginia Polytechnic Institute and State University",102898,16,25,5,0,62,6,19,0.316,4,16,0.25,2,3,0.667,0.421,8,9,0.889,1,6,7,0,1,0,1,1,24
"John Jenkins","23","PHO","SG","6-4",215,"March 6, 1991","us","4","Vanderbilt University",469841,18,25,4,0,13,2,5,0.4,1,2,0.5,1,3,0.333,0.5,2,2,1,0,1,1,1,0,0,0,0,7
"Leandro Barbosa","19","PHO","SG","6-3",194,"November 28, 1982","br","13","",4e+06,11,34,67,0,963,172,392,0.439,35,98,0.357,137,294,0.466,0.483,40,45,0.889,15,89,104,81,31,8,48,82,419
"Marquese Chriss","0","PHO","PF","6-10",233,"July 2, 1997","us","R","University of Washington",2941440,4,19,82,75,1743,284,632,0.449,72,224,0.321,212,408,0.52,0.506,113,181,0.624,96,252,348,60,67,70,108,263,753
"Ronnie Price","14","PHO","PG","6-2",190,"June 21, 1983","us","11","Nicholls State University, Utah Valley State College",465143,15,33,14,0,134,4,24,0.167,3,17,0.176,1,7,0.143,0.229,3,4,0.75,3,8,11,18,11,1,3,14,14
"T.J. Warren","12","PHO","SF","6-8",230,"September 5, 1993","us","2","North Carolina State University",2128920,3,23,66,59,2048,403,814,0.495,26,98,0.265,377,716,0.527,0.511,119,154,0.773,125,214,339,75,76,39,57,175,951
"Tyler Ulis","8","PHO","PG","5-10",150,"January 5, 1996","us","R","University of Kentucky",918369,10,21,61,15,1123,184,437,0.421,21,79,0.266,163,358,0.455,0.445,55,71,0.775,20,75,95,226,48,5,77,73,444
"Tyson Chandler","4","PHO","C","7-1",240,"October 2, 1982","us","15","",12415000,8,34,47,46,1298,153,228,0.671,0,0,NA,153,228,0.671,0.671,91,124,0.734,153,386,539,30,33,24,65,126,397
